id_instituicao;cnpj_instituicao;nome_instituicao;municipio_instituicao;uf
Ins00001;08533932000101;FUNDO MUNICIPAL DE SAUDE - MUNICIPIO DE ALTO PARANA;ALTO PARANA;PR
Ins00002;43976166000150;MUNICIPIO DE AMERICO BRASILIENSE;AMERICO BRASILIENSE;SP
Ins00003;01572597000101;MUNICIPIO DE TRABIJU;TRABIJU;SP
Ins00004;27080605000196;SECRETARIA DE ESTADO DA SAUDE;VITORIA;ES
Ins00005;91987669000174;MUNICIPIO DE MONTE BELO DO SUL;MONTE BELO DO SUL;RS
Ins00006;08673415000138;FUNDO MUNICIPAL DE SAUDE;CHUPINGUAIA;RO
Ins00007;18663401000197;MUNICIPIO DE GUAXUPE;GUAXUPE;MG
Ins00008;14491945000168;FUNDO MUNICIPAL DE SAUDE DE SANTA TERESA;SANTA TERESA;ES
Ins00009;29138377000193;MUNICIPIO DE TRES RIOS;TRES RIOS;RJ
Ins00010;46374500003614;SECRETARIA DE ESTADO DA SAUDE;BAURU;SP
Ins00011;09468040000137;FUNDO MUNICIPAL DE SAUDE DE PIRAQUARA;PIRAQUARA;PR
Ins00012;46482857000196;MUNICIPIO DE UBATUBA;UBATUBA;SP
Ins00013;10572048000128;SECRETARIA DE SAUDE;RECIFE;PE
Ins00014;13861101000107;FUNDO MUNICIPAL DE SAUDE;BERTOLINIA;PI
Ins00015;10759784000190;FUNDO MUNICIPAL DE SAUDE DE ALIANCA;ALIANCA;PE
Ins00016;11966012000191;FUNDO MUNICIPAL DE SAUDE DE MONCOES;MONCOES;SP
Ins00017;06016618000126;FUNDO MUNICIPAL DE SAUDE DE MIRANTE DA SERRA;MIRANTE DA SERRA;RO
Ins00018;11718406000120;FUNDO MUNICIPAL DE SAUDE;ARACAJU;SE
Ins00019;00204125000133;SECRETARIA MUNICIPAL DE SAUDE;MACEIO;AL
Ins00020;45270188000126;MUNICIPIO DE MATAO;MATAO;SP
Ins00021;76331941000170;MUNICIPIO DE CORNELIO PROCOPIO;CORNELIO PROCOPIO;PR
Ins00022;46373445000118;MUNICIPIO DE TAMBAU;TAMBAU;SP
Ins00023;48468284000171;MUNICIPIO DE GUARARAPES;GUARARAPES;SP
Ins00024;45749819000194;MUNICIPIO DE SANTA RITA DO PASSA QUATRO;SANTA RITA DO PASSA QUATRO;SP
Ins00025;04885197000144;MUNICIPIO DE FORTALEZA - SECRETARIA MUNICIPAL DE SAUDE - SMS;FORTALEZA;CE
Ins00026;46634507000106;MUNICIPIO DE SALTO;SALTO;SP
Ins00027;07954571000104;SECRETARIA DA SAUDE DO ESTADO DO CEARA;FORTALEZA;CE
Ins00028;44880060000111;MUNICIPIO DE DRACENA;DRACENA;SP
Ins00029;94707486000146;MUNICIPIO DE LINDOLFO COLLOR;LINDOLFO COLLOR;RS
Ins00030;76206606000140;MUNICIPIO DE FOZ DO IGUACU;FOZ DO IGUACU;PR
Ins00031;45279635000108;MUNICIPIO DE ATIBAIA;ATIBAIA;SP
Ins00032;53415717000160;MUNICIPIO DE OURINHOS;OURINHOS;SP
Ins00033;09055340000275;ASSOCIACAO DE SAUDE, ESPORTE, LAZER E CULTURA - ASELC;REDENCAO;PA
Ins00034;19361548000195;FUNDO MUNICIPAL DE SAUDE DE MINISTRO ANDREAZZA;MINISTRO ANDREAZZA;RO
Ins00035;76206465000165;MUNICIPIO DE MATELANDIA;MATELANDIA;PR
Ins00036;76206457000119;MUNICIPIO DE SANTA HELENA;SANTA HELENA;PR
Ins00037;08968508000190;FUNDO MUNICIPAL DE SAUDE DE PIMENTA BUENO;PIMENTA BUENO;RO
Ins00038;13792329000184;FUNDO MUNICIPAL DA SAUDE;CURITIBA;PR
Ins00039;45298569000113;MUNICIPIO DE ALTINOPOLIS;ALTINOPOLIS;SP
Ins00040;50387844000105;MUNICIPIO DE JABOTICABAL;JABOTICABAL;SP
Ins00041;76285329000108;MUNICIPIO DE MANDAGUACU;MANDAGUACU;PR
Ins00042;10572048000209;SECRETARIA DE SAUDE;RECIFE;PE
Ins00043;46189718000179;MUNICIPIO DE PEDERNEIRAS;PEDERNEIRAS;SP
Ins00044;46371654000122;MUNICIPIO DE SANTA CRUZ DAS PALMEIRAS;SANTA CRUZ DAS PALMEIRAS;SP
Ins00045;95422846000126;MUNICIPIO DE ITAPERUCU;ITAPERUCU;PR
Ins00046;18158261000108;MUNICIPIO DE DOURADOQUARA;DOURADOQUARA;MG
Ins00047;80905706000131;FUNDO MUNICIPAL DE SAUDE;MARINGA;PR
Ins00048;13659627000109;FUNDO MUNICIPAL DE SAUDE DE SAO GABRIEL DO OESTE;SAO GABRIEL DO OESTE;MS
Ins00049;22004126000177;FUNDO MUNICIPAL DE SAUDE;COSTA MARQUES;RO
Ins00050;18431312001359;MUNICIPIO DE UBERLANDIA;UBERLANDIA;MG
Ins00051;11855524000180;FUNDO MUNICIPAL DE SAUDE DE ITAGUAI - FMSI;ITAGUAI;RJ
Ins00052;05301040000197;FUNSAUDE -FUNDACAO DE SAUDE PUBLICA DO MUNICIPIO DE SAO GABRIEL DO OEST;SAO GABRIEL DO OESTE;MS
Ins00053;58200015000183;MUNICIPIO DE SANTOS;SANTOS;SP
Ins00054;11430018000140;FUNDO ESTADUAL DE SAUDE DE PERNAMBUCO;RECIFE;PE
Ins00055;45735552000186;MUNICIPIO DE ARTUR NOGUEIRA;ARTUR NOGUEIRA;SP
Ins00056;11546530000156;FUNDO MUNICIPAL DE SAUDE;AQUIDABA;SE
Ins00057;76288760000108;MUNICIPIO DE ROLANDIA;ROLANDIA;PR
Ins00058;45276128000110;MUNICIPIO DE ARARAQUARA;ARARAQUARA;SP
Ins00059;44445054000136;MUNICIPIO DE SANTOPOLIS DO AGUAPEI;SANTOPOLIS DO AGUAPEI;SP
Ins00060;09051532000122;FUNDO MUNICIPAL DE SAUDE DE CASCAVEL;CASCAVEL;PR
Ins00061;08882730000175;MUNICIPIO DE SAO JOSE DE ESPINHARAS;SAO JOSE DE ESPINHARAS;PB
Ins00062;46429379000150;MUNICIPIO DE SAO JOAO DA BOA VISTA;SAO JOAO DA BOA VISTA;SP
Ins00063;46425229000179;MUNICIPIO DE AGUAI;AGUAI;SP
Ins00064;08888105000130;FUNDO MUNICIPAL DE SAUDE;ASSIS CHATEAUBRIAND;PR
Ins00065;14792165000158;FUNDO MUNICIPAL DE SAUDE DE VITORIA;VITORIA;ES
Ins00066;46523247000193;MUNICIPIO DE DIADEMA;DIADEMA;SP
Ins00067;76950096000110;MUNICIPIO DE UBIRATA;UBIRATA;PR
Ins00068;22855159000120;MUNICIPIO DE CABIXI;CABIXI;RO
Ins00069;02875123000100;MUNICIPIO DE AGRICOLANDIA - SECRETARIA MUNICIPAL DE SAUDE;AGRICOLANDIA;PI
Ins00070;44751725000197;MUNICIPIO DE SANTA CRUZ DA CONCEICAO;SANTA CRUZ DA CONCEICAO;SP
Ins00071;11084263000142;FUNDO MUNICIPAL DE SAUDE;PONTA PORA;MS
Ins00072;45355575000165;MUNICIPIO DE IBATE;IBATE;SP
Ins00073;12306005000126;FUNDO MUNICIPAL DE SAUDE;ITATUBA;PB
Ins00074;14814026000188;FUNDO MUNICIPAL DE SAUDE DE SERRA;SERRA;ES
Ins00075;87843819000107;MUNICIPIO DE FLORES DA CUNHA;FLORES DA CUNHA;RS
Ins00076;07417536000156;MUNICIPIO DE CURRAL NOVO DO PIAUI - SECRETARIA DE SAUDE;CURRAL NOVO DO PIAUI;PI
Ins00077;08935681000191;FUNDO MUNICIPAL DE SAUDE DE FLORIANOPOLIS;FLORIANOPOLIS;SC
Ins00078;08931506000126;FUNDO MUNICIPAL DE SAUDE DE UMUARAMA;UMUARAMA;PR
Ins00079;45339363000194;MUNICIPIO DE PORTO FERREIRA;PORTO FERREIRA;SP
Ins00080;49979255000137;MUNICIPIO DE ITAPOLIS;ITAPOLIS;SP
Ins00081;03517102000177;FUNDO ESPECIAL DE SAUDE;CAMPO GRANDE;MS
Ins00082;76381854000127;MUNICIPIO DE CRUZEIRO DO OESTE;CRUZEIRO DO OESTE;PR
Ins00083;12157728000100;FUNDO MUNICIPAL DE SAUDE DE VILA VELHA;VILA VELHA;ES
Ins00084;10319517000100;FUNDO MUNICIPAL DE SAUDE DE PORTO DA FOLHA;PORTO DA FOLHA;SE
Ins00085;11401857000130;FUNDO MUNICIPAL DE SAUDE;MONTE ALEGRE;PA
Ins00086;14814139000183;FUNDACAO ESTATAL DE ATENCAO ESPECIALIZADA EM SAUDE DE CURITIBA (FEAES -;CURITIBA;PR
Ins00087;11706451000165;FUNDO MUNICIPAL DE SAUDE -PAROBE/RS;PAROBE;RS
Ins00088;46362927000172;MUNICIPIO DE BROTAS;BROTAS;SP
Ins00089;76002666000140;MUNICIPIO DE PIEN;PIEN;PR
Ins00090;10277035000126;FUNDO MUNICIPAL DE SAUDE;TABOLEIRO GRANDE;RN
Ins00091;09090689000167;MUNICIPIO DE SANTA LUZIA;SANTA LUZIA;PB
Ins00092;11913577000100;FUNDO MUNICIPAL DE SAUDE DE ALTO ALEGRE DOS PARECIS;ALTO ALEGRE DOS PARECIS;RO
Ins00093;76105600000186;MUNICIPIO DE CAMPINA GRANDE DO SUL;CAMPINA GRANDE DO SUL;PR
Ins00094;95719373000123;MUNICIPIO DE MERCEDES;MERCEDES;PR
Ins00095;10091569000163;MUNICIPIO DE SANTA CRUZ DO CAPIBARIBE;SANTA CRUZ DO CAPIBARIBE;PE
Ins00096;08778268000160;SECRETARIA DE ESTADO DA SAUDE - SES;JOAO PESSOA;PB
Ins00097;10257028000162;FUNDO MUNICIPAL DE SAUDE;TAILANDIA;PA
Ins00098;11472134000121;FUNDO MUNICIPAL DE SAUDE DE FEIRA NOVA;FEIRA NOVA;PE
Ins00099;76020452000105;MUNICIPIO DA LAPA;LAPA;PR
Ins00100;12447227000169;FUNDO MUNICIPAL DE SAUDE DE SANTA TEREZINHA;SANTA TERESINHA;PB
Ins00101;09485333000122;FUNDO MUNICIPAL DE SAUDE;IRATI;PR
Ins00102;17453467000190;FUNDO MUNICIPAL DE SAUDE DE CONCEICAO DO ARAGUAIA;CONCEICAO DO ARAGUAIA;PA
Ins00103;09148131000195;MUNICIPIO DE MANAIRA;MANAIRA;PB
Ins00104;09494245000197;FUNDO MUNICIPAL DE SAUDE;UMBUZEIRO;PB
Ins00105;04034583000637;MUNICIPIO DE RIO BRANCO;RIO BRANCO;AC
Ins00106;08247860000136;FUNDO MUNICIPAL DE SAUDE;CATENDE;PE
Ins00107;10381732000122;FUNDO MUNICIPAL DE SAUDE;SONORA;MS
Ins00108;08542693000156;FUNDO MUNICIPAL DE SAUDE;LOBATO;PR
Ins00109;17744434000107;MUNICIPIO DE RIO POMBA;RIO POMBA;MG
Ins00110;18538208000124;CONSORCIO INTERMUNICIPAL DO SUL DO ESTADO DE ALAGOAS - CONISUL;PENEDO;AL
Ins00111;09158413000173;FUNDO MUNICIPAL DE SAUDE DE REALEZA;REALEZA;PR
Ins00112;13601247000105;FUNDO MUNICIPAL DE SAUDE;IRAI DE MINAS;MG
Ins00113;11406652000147;FUNDO MUNICIPAL DE SAUDE DE CUMARU DO NORTE;CUMARU DO NORTE;PA
Ins00114;46523122000163;MUNICIPIO DE TABOAO DA SERRA;TABOAO DA SERRA;SP
Ins00115;10417698000107;FUNDO MUNICIPAL DE SAUDE DE ITAMBE;ITAMBE;PE
Ins00116;27744176000104;MUNICIPIO DE MARILANDIA;MARILANDIA;ES
Ins00117;46410866000171;MUNICIPIO DE JAGUARIUNA;JAGUARIUNA;SP
Ins00118;11176515000163;FUNDO MUNICIPAL DE SAUDE;CASTANHEIRAS;RO
Ins00119;08541779000164;FUNDO MUNICIPAL DE SAUDE;SANTA FE;PR
Ins00120;10541009000163;FUNDO MUNICIPAL DE SAUDE DE CACIMBAS;CACIMBAS;PB
Ins00121;19110162000100;FUNDACAO HOSPITALAR DO MUNICIPIO DE VARGINHA FHOMUV;VARGINHA;MG
Ins00122;11153600000106;FUNDO MUNICIPAL DE SAUDE;BOQUEIRAO;PB
Ins00123;01266058000144;MUNICIPIO DE BURITIS;BURITIS;RO
Ins00124;25053117000164;TOCANTINS SECRETARIA DE ESTADO DE SAUDE;PALMAS;TO
Ins00125;30372673000133;AUTARQUIA MUNICIPAL DE SAUDE DE PAICANDU;PAICANDU;PR
Ins00126;04223191000101;FUNDO MUN.DE SAUDE DE SAO MAMEDE-PB;SAO MAMEDE;PB
Ins00127;02930318000105;MUNICIPIO DE SEBASTIAO LEAL - SECRETARIA DE SAUDE;SEBASTIAO LEAL;PI
Ins00128;07615929000174;FUNDO MUNICIPAL DE SAUDE;ITABAIANA;PB
Ins00129;11393101000196;FUNDO MUNICIPAL DE SAUDE;GLORIA DO GOITA;PE
Ins00130;14051123000166;FUNDO MUNICIPAL DE SAUDE;ANCHIETA;ES
Ins00131;11160486000141;FUNDO MUNICIPAL DE SAUDE;PORTO MURTINHO;MS
Ins00132;55356653000108;MUNICIPIO DE PRESIDENTE PRUDENTE;PRESIDENTE PRUDENTE;SP
Ins00133;09262602000191;FUNDO MUNICIPAL DE SAUDE DO MUNICIPIO DE SARANDI;SARANDI;PR
Ins00134;11855813000180;FUNDO MUNICIPAL DE SAUDE;SAO MIGUEL DO FIDALGO;PI
Ins00135;06554075000109;MUNICIPIO DE FRANCISCO AYRES;FRANCISCO AYRES;PI
Ins00136;15626810000125;FUNDO MUNICIPAL DE SAUDE - FMS;JERONIMO MONTEIRO;ES
Ins00137;47842836000105;MUNICIPIO DE FERNANDOPOLIS;FERNANDOPOLIS;SP
Ins00138;44531788000138;MUNICIPIO DE LINS;LINS;SP
Ins00139;04279238000159;MUNICIPIO DE JARU;JARU;RO
Ins00140;00843130000196;MUNICIPIO DE OEIRAS - SECRETARIA DE SAUDE;OEIRAS;PI
Ins00141;75352062000161;MUNICIPIO DE MUNHOZ DE MELLO;MUNHOZ DE MELO;PR
Ins00142;76975259000110;MUNICIPIO DE SAO PEDRO DO PARANA;SAO PEDRO DO PARANA;PR
Ins00143;18241380000111;MUNICIPIO DE ITAMOGI;ITAMOGI;MG
Ins00144;87849923000109;MUNICIPIO DE BENTO GONCALVES;BENTO GONCALVES;RS
Ins00145;10601116000130;FUNDO MUNICIPAL DE SAUDE;CARLOPOLIS;PR
Ins00146;11870137000113;FUNDO MUNICIPAL DE SAUDE DE CAMOCIM DE SAO FELIX;CAMOCIM DE SAO FELIX;PE
Ins00147;10785644000196;FUNDO MUNICIPAL DE SAUDE DE SAO JOSE DE CAIANA;SAO JOSE DE CAIANA;PB
Ins00148;84782697000190;FUNDO MUNICIPAL DE SAUDE;MAMBORE;PR
Ins00149;46634291000170;MUNICIPIO DE ITAPETININGA;ITAPETININGA;SP
Ins00150;80257355000108;UNIVERSIDADE ESTADUAL DE PONTA GROSSA;PONTA GROSSA;PR
Ins00151;75731000000160;MUNICIPIO DE FLORAI;FLORAI;PR
Ins00152;78092293000171;MUNICIPIO DE SANTA INES;SANTA INES;PR
Ins00153;12552597000166;FUNDO MUNICIPAL DE SAUDE - FMS;BOQUEIRAO DO PIAUI;PI
Ins00154;76404136000129;MUNICIPIO DE MARILUZ;MARILUZ;PR
Ins00155;77816510000166;MUNICIPIO DE FRANCISCO BELTRAO;FRANCISCO BELTRAO;PR
Ins00156;46137410000180;MUNICIPIO DE BAURU;BAURU;SP
Ins00157;10588370000145;FUNDO MUNICIPAL DE SAUDE DE SAO PEDRO DO IVAI;SAO PEDRO DO IVAI;PR
Ins00158;92324706000127;MUNICIPIO DE ELDORADO DO SUL;ELDORADO DO SUL;RS
Ins00159;08549559000187;FUNDO MUNICIPAL DE SAUDE;SANTO INACIO;PR
Ins00160;11161074000126;FUNDO MUNICIPAL DE SAUDE;TERENOS;MS
Ins00161;11112312000103;FUNDO MUNICIPAL DE SAUDE DE IVINHEMA;IVINHEMA;MS
Ins00162;13070749000157;FUNDO MUNICIPAL DE SAUDE DO MUNICIPIO DE MATARACA-PB;MATARACA;PB
Ins00163;02401609000106;MUNICIPIO DE SAO JULIAO - SECRETARIA DE SAUDE, SANEAMENTO E MEIO AMBIEN;SAO JULIAO;PI
Ins00164;09157931000172;FUNDO MUNICIPAL DE SAUDE;CAPANEMA;PR
Ins00165;08698105000178;FUNDO MUNICIPAL DE SAUDE SANTA CECILIA;SANTA CECILIA;PB
Ins00166;95725438000143;FUNDO MUNICIPAL DE SAUDE DE GUAIRA;GUAIRA;PR
Ins00167;07165026000139;FUNDO MUNICIPAL DE SAUDE;MACAPARANA;PE
Ins00168;11168783000133;FUNDO MUNICIPAL DE SAUDE DO CABO DE SANTO AGOSTINHO;CABO DE SANTO AGOSTINHO;PE
Ins00169;09256935000108;FUNDO MUNICIPAL DE SAUDE;MARECHAL CANDIDO RONDON;PR
Ins00170;44229805000187;MUNICIPIO DE CASSIA DOS COQUEIROS;CASSIA DOS COQUEIROS;SP
Ins00171;46482832000192;MUNICIPIO DE SAO SEBASTIAO;SAO SEBASTIAO;SP
Ins00172;11308894000106;FUNDO MUNICIPAL DE SAUDE;MACAE;RJ
Ins00173;19122075000173;FUNDO MUNICIPAL DE SAUDE DE JI-PARANA;JI-PARANA;RO
Ins00174;56901275000150;MUNICIPIO DE ARUJA;ARUJA;SP
Ins00175;76309806000128;MUNICIPIO DE CIANORTE;CIANORTE;PR
Ins00176;13660767000199;FUNDACAO MUNICIPAL DE SAUDE DE TUBARAO;TUBARAO;SC
Ins00177;76020460000143;MUNICIPIO DE ANTONIO OLINTO;ANTONIO OLINTO;PR
Ins00178;23179533000188;FUNDO MUNICIPAL DE SAUDE;ARRAIAL;PI
Ins00179;12044868000172;FUNDO MUNICIPAL DE SAUDE - PILOES-PB;PILOES;PB
Ins00180;02545932000145;MUNICIPIO DE ARRAIAL - SECRETARIA DE SAUDE E SANEAMENTO;ARRAIAL;PI
Ins00181;76247386000100;MUNICIPIO DE MARIA HELENA;MARIA HELENA;PR
Ins00182;08518587000137;FUNDO MUNICIPAL DE SAUDE - MUNICIPIO DE PARANAVAI;PARANAVAI;PR
Ins00183;11171199000137;FUNDO MUNICIPAL DE SAUDE DO MUNICIPIO DE PILAR;PILAR;PB
Ins00184;45299104000187;MUNICIPIO DE BATATAIS;BATATAIS;SP
Ins00185;19876424000142;MUNICIPIO DE IPATINGA;IPATINGA;MG
Ins00186;11402806000122;FUNDO MUNICIPAL DE SAUDE;ALTA FLORESTA D'OESTE;RO
Ins00187;75732057000184;MUNICIPIO DE CAMBE;CAMBE;PR
Ins00188;10292209000120;MUNICIPIO DE SIRINHAEM;SIRINHAEM;PE
Ins00189;11420456000127;DONA INES - FUNDO MUNICIPAL DE SAUDE;DONA INES;PB
Ins00190;09253109000105;FUNDO MUNICIPAL DE SAUDE;CAMPO MOURAO;PR
Ins00191;09457349000121;FUNDO MUNICIPAL DE SAUDE DE INAJA PARANA;INAJA;PR
Ins00192;14231159000121;FUNDO MUNICIPAL DE SAUDE PREFEITURA DE SEVERIANO MELO/RN;SEVERIANO MELO;RN
Ins00193;88150495000186;MUNICIPIO DE ESTEIO;ESTEIO;RS
Ins00194;08942211000155;MUNICIPIO DE SANTANA DOS GARROTES;SANTANA DOS GARROTES;PB
Ins00195;08851627000168;FUNDO MUNICIPAL DE SAUDE;BELEM DE MARIA;PE
Ins00196;18308734000106;MUNICIPIO DE SAO SEBASTIAO DO OESTE;SAO SEBASTIAO DO OESTE;MG
Ins00197;07851282000180;FUNDO MUNICIPAL DE SAUDE;ROLIM DE MOURA;RO
Ins00198;75687954000113;MUNICIPIO DE PAULA FREITAS;PAULA FREITAS;PR
Ins00199;12802079000153;FUNDO MUNICIPAL DE SAUDE DE ISAIAS COELHO;ISAIAS COELHO;PI
Ins00200;08889455000111;FUNDO MUNICIPAL DE SAUDE DE DOIS VIZINHOS;DOIS VIZINHOS;PR
Ins00201;09535844000101;FUNDO MUNICIPAL DE SAUDE DE GRANDES RIOS;GRANDES RIOS;PR
Ins00202;11490408000105;FUNDO MUNICIPAL DE SAUDE;ALHANDRA;PB
Ins00203;19275776000142;FUNDO MUNICIPAL DE SAUDE;COLORADO DO OESTE;RO
Ins00204;95583571000102;MUNICIPIO DE MARIPA;MARIPA;PR
Ins00205;46523262000131;MUNICIPIO DE GUARAREMA;GUARAREMA;SP
Ins00206;11386903000179;FUNDO MUNICIPAL DE SAUDE;MONDAI;SC
Ins00207;13781828000176;MUNICIPIO DE IBITIARA;IBITIARA;BA
Ins00208;13877281000107;FUNDO MUNICIPAL DE SAUDE DE TEIXEIRPOLIS;TEIXEIROPOLIS;RO
Ins00209;04128655000109;FUNDO MUNICIPAL DE SAUDE DE PRIMAVERA DE RONDONIA;PRIMAVERA DE RONDONIA;RO
Ins00210;09472866000170;FUNDO MUNICIPAL DE SAUDE DO M UNICIPIO DE NOVA AURORA;NOVA AURORA;PR
Ins00211;03273207000128;CONSORCIO INTERGESTORES PARANA SAUDE;CURITIBA;PR
Ins00212;11334929000173;FUNDO MUNICIPAL DE SAUDE DA GAMELEIRA;GAMELEIRA;PE
Ins00213;10539832000134;FUNDO MUNICIPAL DE SAUDE DE GUADALUPE;GUADALUPE;PI
Ins00214;09280202000109;FUNDO MUNICIPAL DE SAUDE - MAUA DA SERRA;MAUA DA SERRA;PR
Ins00215;11588202000112;FUNDO MUNICIPAL DE SAUDE DE SERRA GRANDE;SERRA GRANDE;PB
Ins00216;46694139000183;MUNICIPIO DE JACAREI;JACAREI;SP
Ins00217;78956513000168;AUTARQUIA MUNICIPAL DE SAUDE DE APUCARANA A M S;APUCARANA;PR
Ins00218;76244961000103;MUNICIPIO DE IBIPORA;IBIPORA;PR
Ins00219;11095923000190;FUNDO MUNICIPAL DE SAUDE;INOCENCIA;MS
Ins00220;44518504000173;MUNICIPIO DE LUCIANOPOLIS;LUCIANOPOLIS;SP
Ins00221;46137444000174;MUNICIPIO DE AGUDOS;AGUDOS;SP
Ins00222;11261188000148;FUNDO MUNICIPAL DE SAUDE;ITABAIANINHA;SE
Ins00223;21817418000166;FUNDO MUNICIPAL DE SAUDE;URUPA;RO
Ins00224;14635944000140;FUNDO MUNICIPAL DE SAUDE DO MUNICIPIO DE IBIRACU;IBIRACU;ES
Ins00225;08927244000126;FUNDO MUNICIPAL DE SAUDE;RONDON;PR
Ins00226;76021450000122;MUNICIPIO DE SAO MATEUS DO SUL;SAO MATEUS DO SUL;PR
Ins00227;11248285000109;FUNDO MUNICIPAL DE SAUDE;IPOJUCA;PE
Ins00228;76282680000145;MUNICIPIO DE MARIALVA;MARIALVA;PR
Ins00229;75963256000101;MUNICIPIO DE RIO AZUL;RIO AZUL;PR
Ins00230;08881567000126;MUNICIPIO DE QUIXABA;QUIXABA;PB
Ins00231;76910900000138;MUNICIPIO DE JAGUARIAIVA;JAGUARIAIVA;PR
Ins00232;75388850000108;MUNICIPIO DE LEOPOLIS;LEOPOLIS;PR
Ins00233;08194799000106;FUNDO MUNICIPAL DE SAUDE;MACHADOS;PE
Ins00234;75845511000103;MUNICIPIO DE LUPIONOPOLIS;LUPIONOPOLIS;PR
Ins00235;11209770000165;FUNDO MUNICIPAL DE SAUDE;MATUREIA;PB
Ins00236;11356696000100;FUNDO MUNICIPAL DE SAUDE DE SAO MATEUS;SAO MATEUS;ES
Ins00237;14578805000121;FUNDO MUNICIPAL DE SAUDE DE COLATINA;COLATINA;ES
Ins00238;46223707000168;MUNICIPIO DE FARTURA;FARTURA;SP
Ins00239;46374500026231;SECRETARIA DE ESTADO DA SAUDE;SAO PAULO;SP
Ins00240;46231890000143;MUNICIPIO DE SANTA CRUZ DO RIO PARDO;SANTA CRUZ DO RIO PARDO;SP
Ins00241;09307789000100;FUNDO MUNICIPAL DE SAUDE;RANCHO ALEGRE D'OESTE;PR
Ins00242;12013802000115;FUNDO MUNICIPAL DE SAUDE;CENTENARIO;TO
Ins00243;75587204000170;MUNICIPIO DE TERRA ROXA;TERRA ROXA;PR
Ins00244;11980140000190;FUNDO MUNICIPAL DE SAUDE DE MONSENHOR GIL;MONSENHOR GIL;PI
Ins00245;76416866000140;SECRETARIA DE ESTADO DA SAUDE;CURITIBA;PR
Ins00246;18592162000121;MUNICIPIO DE ESTRELA DO SUL;ESTRELA DO SUL;MG
Ins00247;75967760000171;MUNICIPIO DE UNIAO DA VITORIA;UNIAO DA VITORIA;PR
Ins00248;01753843000121;MUNICIPIO DE FLORESTA DO PIAUI - SECRETARIA DE SAUDE;FLORESTA DO PIAUI;PI
Ins00249;27150549000119;MUNICIPIO DE CARIACICA;CARIACICA;ES
Ins00250;76105543000135;MUNICIPIO DE SAO JOSE DOS PINHAIS;SAO JOSE DOS PINHAIS;PR
Ins00251;08976611000181;FUNDO MUNICIPAL DE SAUDE DE BOM JESUS DO SUL;BOM JESUS DO SUL;PR
Ins00252;75378844000170;MUNICIPIO DE GUAPOREMA;GUAPOREMA;PR
Ins00253;18260489000104;MUNICIPIO DE TUPACIGUARA;TUPACIGUARA;MG
Ins00254;11462050000107;FUNDO MUNICIPAL DE SAUDE DE SALGADO DE SAO FELIX;SALGADO DE SAO FELIX;PB
Ins00255;11514360000128;FUNDO MUNICIPAL DE SAUDE;BARREIROS;PE
Ins00256;77877116000138;MUNICIPIO DE TUPASSI;TUPASSI;PR
Ins00257;10493355000113;FUNDO MUNICIPAL DE SAUDE DE DESTERRO;DESTERRO;PB
Ins00258;14523538000195;FUNDO MUNICIPAL DE ASSISTENCIA SOCIAL;ILHA DAS FLORES;SE
Ins00259;10373665000102;FUNDO MUNICIPAL DE SAUDE DE ARAUCARIA;ARAUCARIA;PR
Ins00260;14830853000165;FUNDO MUNICIPAL DE SAUDE DE CASTELO - ES;CASTELO;ES
Ins00261;08987945000150;FUNDO MUNICIPAL DE SAUDE DE NOVA UNIAO;NOVA UNIAO;RO
Ins00262;13846658000160;FUNDO MUNICIPAL DE SAUDE;CAMAPUA;MS
Ins00263;76002658000102;MUNICIPIO DE CAMPO DO TENENTE;CAMPO DO TENENTE;PR
Ins00264;05943030000155;MUNICIPIO DE BOA VISTA;BOA VISTA;RR
Ins00265;11297536000137;FUNDO MUNICIPAL DE SAUDE;PATY DO ALFERES;RJ
Ins00266;01576782000174;MUNICIPIO DE PRATANIA;PRATANIA;SP
Ins00267;92324748000168;MUNICIPIO DE CERRO GRANDE DO SUL;CERRO GRANDE DO SUL;RS
Ins00268;12431437000169;FUNDO MUNICIPAL DE SAUDE;CASSERENGUE;PB
Ins00269;18960233000100;CONSORCIO INTERMUNICIPAL DO OESTE PAULISTA;PRESIDENTE PRUDENTE;SP
Ins00270;09036819000183;FUNDO MUNICIPAL DE SAUDE DE CLEVELANDIA;CLEVELANDIA;PR
Ins00271;29141322000132;MUNICIPIO DE PIRAI;PIRAI;RJ
Ins00272;80909617000163;MUNICIPIO DE SAO MANOEL DO PARANA;SAO MANOEL DO PARANA;PR
Ins00273;01612618000175;MUNICIPIO DE CAXINGO;CAXINGO;PI
Ins00274;11334531000137;FUNDO MUNICIPAL DE SAUDE;SAO MIGUEL DOS MILAGRES;AL
Ins00275;01612372000131;MUNICIPIO DE CURRAL DE CIMA;CURRAL DE CIMA;PB
Ins00276;18457218000135;MUNICIPIO DE ITUIUTABA;ITUIUTABA;MG
Ins00277;18431155000148;MUNICIPIO DE MONTE ALEGRE DE MINAS;MONTE ALEGRE DE MINAS;MG
Ins00278;75771477000170;MUNICIPIO DE LONDRINA;LONDRINA;PR
Ins00279;01616458000132;MUNICIPIO DE SAO JOSE DA BARRA;SAO JOSE DA BARRA;MG
Ins00280;09536254000101;FUNDO MUNICIPAL DE SAUDE DE SAO MIGUEL DO GUAPORE;SAO MIGUEL DO GUAPORE;RO
Ins00281;90256652000184;MUNICIPIO DE IMBE;IMBE;RS
Ins00282;31796626000180;MUNICIPIO DE AGUA DOCE DO NORTE;AGUA DOCE DO NORTE;ES
Ins00283;00562279000105;FUNDO MUNICIPAL DE SAUDE;PALMARES;PE
Ins00284;09417876000102;FUNDO MUNICIPAL DE SAUDE DE CAFEZAL DO SUL;CAFEZAL DO SUL;PR
Ins00285;11266975000182;FUNDO MUNICIPAL DE SAUDE;CAMPO DO BRITO;SE
Ins00286;95423000000100;MUNICIPIO DE PINHAIS;PINHAIS;PR
Ins00287;12075748000132;CONSORCIO INTERMUNICIPAL CATARINENSE-CIMCATARINA;FLORIANOPOLIS;SC
Ins00288;76238443000187;MUNICIPIO DE GUAIRACA;GUAIRACA;PR
Ins00289;13119961000161;MUNICIPIO DE CAPELA;CAPELA;SE
Ins00290;76105659000174;MUNICIPIO DE ALMIRANTE TAMANDARE;ALMIRANTE TAMANDARE;PR
Ins00291;46435921000188;MUNICIPIO DE DIVINOLANDIA;DIVINOLANDIA;SP
Ins00292;08597121000174;FUNDO ESTADUAL DE SAUDE DO PARANA - FUNSAUDE;CURITIBA;PR
Ins00293;11431661000198;FUNDO MUNICIPAL DE SAUDE DE BOA ESPERANCA;BOA ESPERANCA;ES
Ins00294;91995365000159;MUNICIPIO DE NOVA HARTZ;NOVA HARTZ;RS
Ins00295;03073673000160;MUNICIPIO DE BONITO;BONITO;MS
Ins00296;95719472000105;MUNICIPIO DE PATO BRAGADO;PATO BRAGADO;PR
Ins00297;13034603000156;FUNDO MUNICIPAL DE SAUDE DE TRES LAGOAS-MS;TRES LAGOAS;MS
Ins00298;51816247000111;MUNICIPIO DE MONTE ALTO;MONTE ALTO;SP
Ins00299;95422986000102;MUNICIPIO DE FAZENDA RIO GRANDE;FAZENDA RIO GRANDE;PR
Ins00300;77116663000109;MUNICIPIO DE NOVA SANTA ROSA;NOVA SANTA ROSA;PR
Ins00301;08992896000144;FUNDO MUNICIPAL DE SAUDE DE BARRACAO;BARRACAO;PR
Ins00302;12012235000182;FUNDO MUNICIPAL DE SAUDE;SOBRADO;PB
Ins00303;01613513000130;MUNICIPIO DE PORTO ALEGRE DO PIAUI;PORTO ALEGRE DO PIAUI;PI
Ins00304;08702862000178;MUNICIPIO DE CABACEIRAS;CABACEIRAS;PB
Ins00305;11835031000189;FUNDO MUNICIPAL DE SAUDE;SAO FIDELIS;RJ
Ins00306;88814199000132;MUNICIPIO DE SANTO ANTONIO DA PATRULHA;SANTO ANTONIO DA PATRULHA;RS
Ins00307;46732442000123;MUNICIPIO DE DESCALVADO;DESCALVADO;SP
Ins00308;13927758000111;FUNDO MUNICIPAL DE SAUDE;GOVERNADOR LINDENBERG;ES
Ins00309;09288947000114;FMS- FUNDO MUNICIPAL DE SAUDE DE CACHOEIRO DE ITAPEMIRIM.;CACHOEIRO DE ITAPEMIRIM;ES
Ins00310;01610390000184;MUNICIPIO DE TAQUARAL;TAQUARAL;SP
Ins00311;11471451000123;FUNDO MUNICIPAL DE SAUDE;OLHO D'AGUA;PB
Ins00312;23767031000178;MUNICIPIO DE ITAU DE MINAS;ITAU DE MINAS;MG
Ins00313;10411736000106;FUNDO MUNICIPAL DE SAUDE;BRASILANDIA;MS
Ins00314;76970300000165;MUNICIPIO DE NOSSA SENHORA DAS GRACAS;NOSSA SENHORA DAS GRACAS;PR
Ins00315;10398439000178;FUNDO MUNICIPAL DE SAUDE;SAO FRANCISCO;PB
Ins00316;10585650000108;FUNDO MUNICIPAL DE SAUDE DE JOAO NEIVA;JOAO NEIVA;ES
Ins00317;11739873000137;FMS DE GURINHEM;GURINHEM;PB
Ins00318;11423181000185;FUNDO MUNICIPAL DE SAUDE DE GUACUI;GUACUI;ES
Ins00319;76105618000188;MUNICIPIO DE CAMPO LARGO;CAMPO LARGO;PR
Ins00320;82892340000139;MUNICIPIO DE SAO BONIFACIO;SAO BONIFACIO;SC
Ins00321;63761993000215;MUNICIPIO DE SERINGUEIRAS;SERINGUEIRAS;RO
Ins00322;11811613000125;FUNDO MUNICIPAL DE SAUDE;SANTA LUZIA D'OESTE;RO
Ins00323;11412389000107;FUNDO MUNICIPAL DE SAUDE DE TOMAR DO GERU;TOMAR DO GERU;SE
Ins00324;10640637000104;MUNICIPIO DE FLORIANO - SECRETARIA DE SAUDE;FLORIANO;PI
Ins00325;11832051000104;FUNDO MUNICIPAL DE SAUDE DO MUNICIPIO DE AREIA DE BARAUNAS;AREIA DE BARAUNAS;PB
Ins00326;11465675000122;FUNDO MUNICIPAL DE SAUDE DE SERINGUEIRAS;SERINGUEIRAS;RO
Ins00327;07242772000189;CONSORCIO INTERMUNICIPAL DE SAUDE DO VALE DO RIO TAQUARI - CONSISA -VRT;LAJEADO;RS
Ins00328;10693916000128;FUNDO MUNICIPAL DE SAUDE - FMS;PEDRO GOMES;MS
Ins00329;63762009000230;MUNICIPIO DE NOVO HORIZONTE DO OESTE;NOVO HORIZONTE DO OESTE;RO
Ins00330;11843644000168;FUNDO MUNICIPAL DE SAUDE DO MUNICIPIO DE GUATAPARA;GUATAPARA;SP
Ins00331;09654201000187;FUNDO MUNICIPAL DE SAUDE DE RIBEIRAO DO PINHAL;RIBEIRAO DO PINHAL;PR
Ins00332;76105550000137;MUNICIPIO DE MANDIRITUBA;MANDIRITUBA;PR
Ins00333;11782445000197;FUNDO MUNICIPAL DE SAUDE DE OROS;OROS;CE
Ins00334;52359692000162;MUNICIPIO DE BOM JESUS DOS PERDOES;BOM JESUS DOS PERDOES;SP
Ins00335;18229151000181;FUNDO MUNICIPAL DE SAUDE DE BANDEIRANTES MS;BANDEIRANTES;MS
Ins00336;46523049000120;MUNICIPIO DE COTIA;COTIA;SP
Ins00337;18299446000124;MUNICIPIO DE ITABIRA;ITABIRA;MG
Ins00338;11295419000134;FUNDO MUNICIPAL DE SAUDE;GUARAI;TO
Ins00339;81478133000170;MUNICIPIO DE PEROLA;PEROLA;PR
Ins00340;11513856000187;AUTARQUIA MUNICIPAL DE SAUDE DE CAMBIRA;CAMBIRA;PR
Ins00341;76105584000121;MUNICIPIO DE TIJUCAS DO SUL;TIJUCAS DO SUL;PR
Ins00342;03887256000150;CONSORCIO INTERMUNICIPAL DE SAUDE DA REGIAO DO CONTESTADO;CANOINHAS;SC
Ins00343;11907806000184;FUNDO MUNICIPAL DE SAUDE DE TACIMA;TACIMA;PB
Ins00344;95587473000143;FUNDO MUNICIPAL DE SAUDE DE LARANJEIRAS DO SUL;LARANJEIRAS DO SUL;PR
Ins00345;28715986000103;CONSORCIO INTERMUNICIPAL DO VALE DO SAO FRANCISCO - CONIVALES;AMPARO DE SAO FRANCISCO;SE
Ins00346;46374500000194;SECRETARIA DE ESTADO DA SAUDE;SAO PAULO;SP
Ins00347;08625167000150;FUNDO MUNICIPAL DE SAUDE DE CHA GRANDE;CHA GRANDE;PE
Ins00348;03265143000113;SECRETARIA MUNICIPAL DE SAUDE;CANAVIEIRA;PI
Ins00349;03269695000108;CONSORCIO INTERMUNIC DE SAUDE DO MEDIO VALE DO ITAJAI;BLUMENAU;SC
Ins00350;11366609000103;FUNDO MUNICIPAL DE SAUDE;CONDADO;PE
Ins00351;05481950000107;INSTITUTO PRAXIS DE EDUCACAO, CULTURA E ACAO SOCIAL;FORTALEZA;CE
Ins00352;11291694000180;FUNDO MUNICIPAL DE SAUDE;APARECIDA DO TABOADO;MS
Ins00353;09102679000102;FUNDO MUNICIPAL DE SAUDE;FERREIROS;PE
Ins00354;08885072000175;FUNDO MUNICIPAL DE SAUDE DE TOLEDO;TOLEDO;PR
Ins00355;08159071000143;MUNICIPIO DE JAPI;JAPI;RN
Ins00356;51501484000193;CONSORCIO INTERMUNICIPAL DO VALE DO PARANAPANEMA;ASSIS;SP
Ins00357;76205665000101;MUNICIPIO DE MARMELEIRO;MARMELEIRO;PR
Ins00358;04326257000199;FUNDACAO MUNICIPAL DE SAUDE DE BITURUNA;BITURUNA;PR
Ins00359;77001311000108;MUNICIPIO DE CASTRO;CASTRO;PR
Ins00360;11485023000150;FUNDO MUNICIPAL DE SAUDE DE CUJUBIM;CUJUBIM;RO
Ins00361;04092714000128;MUNICIPIO DE CACOAL;CACOAL;RO
Ins00362;75827204000108;MUNICIPIO DE NOVA AMERICA DA COLINA;NOVA AMERICA DA COLINA;PR
Ins00363;76105634000170;MUNICIPIO DE COLOMBO;COLOMBO;PR
Ins00364;09555110000194;FUNDO MUNICIPAL DE SAUDE;NOVO REPARTIMENTO;PA
Ins00365;10700103000118;FUNDO MUNICIPAL DA SAUDE;IUNA;ES
Ins00366;10505599000179;FUNDO MUNICIPAL DE SAUDE DE BALSA NOVA;BALSA NOVA;PR
Ins00367;44431245000149;MUNICIPIO DE PIACATU;PIACATU;SP
Ins00368;09141808000163;FUNDO MUNICIPAL DE SAUDE DE CAFEARA;CAFEARA;PR
Ins00369;23045893000197;FUNDO MUNICIPAL DE SAUDE DE PARECIS;PARECIS;RO
Ins00370;12219015000124;FUNDO MUNICIPAL DE SAUDE DE ITABAIANA SERGIPE;ITABAIANA;SE
Ins00371;87958625000149;SECRETARIA DA SAUDE;PORTO ALEGRE;RS
Ins00372;18241778000158;MUNICIPIO DE SAO JOAO BATISTA DO GLORIA;SAO JOAO BATISTA DO GLORIA;MG
Ins00373;88696810000175;MUNICIPIO DE CAMAQUA;CAMAQUA;RS
Ins00374;44959021000104;MUNICIPIO DE GUARUJA;GUARUJA;SP
Ins00375;53300331000103;MUNICIPIO DE PARAPUA;PARAPUA;SP
Ins00376;76208487000164;MUNICIPIO DE PALOTINA;PALOTINA;PR
Ins00377;01825779000147;MUNICIPIO DE NAZARE DO PIAUI - SECRETARIA DE SAUDE;NAZARE DO PIAUI;PI
Ins00378;11323261000169;FUNDO MUNICIPAL DE SAUDE;LONDRINA;PR
Ins00379;14734122000116;FUNDO MUNICIPAL DE SAUDE;SAO ROQUE DO CANAA;ES
Ins00380;11384276000137;FUNDO MUNICIPAL DE SAUDE DE CALCADO;CALCADO;PE
Ins00381;08694222000163;FUNDO MUNICIPAL DE SAUDE DE SANTA RITA;SANTA RITA;PB
Ins00382;09285785000160;FUNDO MUNICIPAL DE SAUDE DE SAO JOAO DO TRIUNFO;SAO JOAO DO TRIUNFO;PR
Ins00383;10552903000139;FUNDO MUNICIPAL DE SAUDE;DESCANSO;SC
Ins00384;46523163000150;MUNICIPIO DE MAIRIPORA;MAIRIPORA;SP
Ins00385;08916107000196;FUNDO MUNICIPAL DE SAUDE DE SANTA IZABEL DO OESTE;SANTA IZABEL DO OESTE;PR
Ins00386;46446696000185;MUNICIPIO DE VINHEDO;VINHEDO;SP
Ins00387;09652908000154;FUNDO MUNICIPAL DE SAUDE DE FENIX;FENIX;PR
Ins00388;11892520000172;FUNDO MUNICIPAL DE SAUDE DE BASTOS;BASTOS;SP
Ins00389;02236721000120;CONSORCIO PUBLICO DA REGIAO NOROESTE - CIM NOROESTE;AGUIA BRANCA;ES
Ins00390;09241895000120;FUNDO MUNICIPAL DE SAUDE;MANDAGUARI;PR
Ins00391;01753396000100;FUNDO MUNICIPAL DE SAUDE - PREFEITURA MUNICIPAL DE PIRA;PIRACANJUBA;GO
Ins00392;45323474000102;MUNICIPIO DE ARAMINA;ARAMINA;SP
Ins00393;23109604000176;FUNDO MUNICIPAL DE SAUDE DE ESPIGAO DO OESTE (FMS);ESPIGAO D'OESTE;RO
Ins00394;09182117000108;FUNDO MUNICIPAL DE SAUDE;PRANCHITA;PR
Ins00395;10530745000116;FUNDO MUNICIPAL DE SAUDE;SELVIRIA;MS
Ins00396;02304966000148;MUNICIPIO DE PARNAGUA - SECRETARIA DE SAUDE;PARNAGUA;PI
Ins00397;14164659000198;FUNDO MUNICIPAL DE SAUDE DE SAO ROQUE DE MINAS;SAO ROQUE DE MINAS;MG
Ins00398;46634523000190;MUNICIPIO DE SAO MANUEL;SAO MANUEL;SP
Ins00399;09242908000186;FUNDO MUNICIPAL DE SAUDE - TAMARANA;TAMARANA;PR
Ins00400;45685872000179;MUNICIPIO DE REGISTRO;REGISTRO;SP
Ins00401;17754136000190;MUNICIPIO DE DIAMANTINA;DIAMANTINA;MG
Ins00402;56024581000156;MUNICIPIO DE RIBEIRAO PRETO;RIBEIRAO PRETO;SP
Ins00403;13887045000171;FUNDO MUNICIPAL DE SAUDE DE NANTES;NANTES;SP
Ins00404;14813806000103;FUNDO MUNICIPAL DE SAUDE DE AGUA DOCE DO NORTE;AGUA DOCE DO NORTE;ES
Ins00405;11639262000117;FUNDO MUNICIPAL DE SAUDE DE CAPELA;CAPELA;SE
Ins00406;09298629000134;FUNDO MUNICIPAL DE SAUDE DO MUNICIPIO DE GOIOERE;GOIOERE;PR
Ins00407;45732377000173;MUNICIPIO DE SANTA GERTRUDES;SANTA GERTRUDES;SP
Ins00408;97553416000179;FUNDO MUNICIPAL DE SAUDE DE AMARGOSA;AMARGOSA;BA
Ins00409;45355914000103;MUNICIPIO DE RIBEIRAO BONITO;RIBEIRAO BONITO;SP
Ins00410;78121985000109;MUNICIPIO DE BOA VISTA DA APARECIDA;BOA VISTA DA APARECIDA;PR
Ins00411;65712077000130;MUNICIPIO DE PONTALINDA;PONTALINDA;SP
Ins00412;14744834000116;FUNDO MUNICIPAL DE SAUDE;VENDA NOVA DO IMIGRANTE;ES
Ins00413;11816665000194;FUNDO MUNICIPAL DE SAUDE DE ESTANCIA/SE;ESTANCIA;SE
Ins00414;11079071000148;FUNDO MUNICIPAL DE SAUDE DE BURITIS;BURITIS;RO
Ins00415;08703778000179;FUNDO MUNICIPAL DE SAUDE DE FLORIDA;FLORIDA;PR
Ins00416;46634168000150;MUNICIPIO DE AVARE;AVARE;SP
Ins00417;23085655000105;FUNDO MUNICIPAL DE SAUDE DO MUNICIPIO DE NOVA BRASILNDIA D'OESTE - RO.;NOVA BRASILANDIA D'OESTE;RO
Ins00418;14785598000186;FUNDO MUNICIPAL DE SAUDE DE NOVA VENECIA;NOVA VENECIA;ES
Ins00419;76179829000165;MUNICIPIO DE PALMEIRA;PALMEIRA;PR
Ins00420;09309271000106;FUNDO MUNICIPAL DE SAUDE;JACAREZINHO;PR
Ins00421;88141460000180;MUNICIPIO DE SANTANA DA BOA VISTA;SANTANA DA BOA VISTA;RS
Ins00422;95719381000170;MUNICIPIO DE QUATRO PONTES;QUATRO PONTES;PR
Ins00423;09380391000191;FUNDO MUNICIPAL;ARIRANHA DO IVAI;PR
Ins00424;80905706000131;FUNDO MUNICIPAL;MARINGA;PR
Ins00425;87843819000107;MUNICIPIO DE FL;FLORES DA CUNHA;RS
Ins00426;18313817000185;MUNICIPIO DE PA;PARA DE MINAS;MG
Ins00427;58200015000183;MUNICIPIO DE SA;SANTOS;SP
Ins00428;45299104000187;MUNICIPIO DE BA;BATATAIS;SP
Ins00429;11855524000180;FUNDO MUNICIPAL;ITAGUAI;RJ
Ins00430;11718406000120;FUNDO MUNICIPAL;ARACAJU;SE
Ins00431;01616458000132;MUNICIPIO DE SA;SAO JOSE DA BARRA;MG
Ins00432;10572048000128;SECRETARIA DE S;RECIFE;PE
Ins00433;06554125000220;MUNICIPIO DE MA;MANOEL EMIDIO;PI
Ins00434;08673415000138;FUNDO MUNICIPAL;CHUPINGUAIA;RO
Ins00435;09051532000122;FUNDO MUNICIPAL;CASCAVEL;PR
Ins00436;19181382000125;FUNDO MUNICIPAL;CEREJEIRAS;RO
Ins00437;19876424000142;MUNICIPIO DE IP;IPATINGA;MG
Ins00438;13792329000184;FUNDO MUNICIPAL;CURITIBA;PR
Ins00439;14814139000183;FUNDACAO ESTATA;CURITIBA;PR
Ins00440;27080605000196;SECRETARIA DE E;VITORIA;ES
Ins00441;11266975000182;FUNDO MUNICIPAL;CAMPO DO BRITO;SE
Ins00442;08888967000163;FUNDO MUNICIPAL;CRUZEIRO DO OESTE;PR
Ins00443;46374500026231;SECRETARIA DE E;SAO PAULO;SP
Ins00444;10257028000162;FUNDO MUNICIPAL;TAILANDIA;PA
Ins00445;45749819000194;MUNICIPIO DE SA;SANTA RITA DO PASSA QUATRO;SP
Ins00446;46137410000180;MUNICIPIO DE BA;BAURU;SP
Ins00447;95422986000102;MUNICIPIO DE FA;FAZENDA RIO GRANDE;PR
Ins00448;21817418000166;FUNDO MUNICIPAL;URUPA;RO
Ins00449;08778268000160;SECRETARIA DE E;JOAO PESSOA;PB
Ins00450;45685872000179;MUNICIPIO DE RE;REGISTRO;SP
Ins00451;04128655000109;FUNDO MUNICIPAL;PRIMAVERA DE RONDONIA;RO
Ins00452;46374500000194;SECRETARIA DE E;SAO PAULO;SP
Ins00453;25053117000164;TOCANTINS SECRE;PALMAS;TO
Ins00454;11430018000140;FUNDO ESTADUAL;RECIFE;PE
Ins00455;04279238000159;MUNICIPIO DE JA;JARU;RO
Ins00456;18538208000124;CONSORCIO INTER;PENEDO;AL
Ins00457;05301040000197;FUNSAUDE -FUNDA;SAO GABRIEL DO OESTE;MS
Ins00458;13659627000109;FUNDO MUNICIPAL;SAO GABRIEL DO OESTE;MS
Ins00459;01572597000101;MUNICIPIO DE TR;TRABIJU;SP
Ins00460;76282680000145;MUNICIPIO DE MA;MARIALVA;PR
Ins00461;08541779000164;FUNDO MUNICIPAL;SANTA FE;PR
Ins00462;03273207000128;CONSORCIO INTER;CURITIBA;PR
Ins00463;01680880000157;MUNICIPIO DE SA;SAO JOSE DO PEIXE;PI
Ins00464;51816247000111;MUNICIPIO DE MO;MONTE ALTO;SP
Ins00465;46634507000106;MUNICIPIO DE SA;SALTO;SP
Ins00466;04384829000196;FUNDO ESTADUAL;ARACAJU;SE
Ins00467;04228734000183;FUNDACAO SERVIC;CAMPO GRANDE;MS
Ins00468;75845511000103;MUNICIPIO DE LU;LUPIONOPOLIS;PR
Ins00469;48468284000171;MUNICIPIO DE GU;GUARARAPES;SP
Ins00470;76105543000135;MUNICIPIO DE SA;SAO JOSE DOS PINHAIS;PR
Ins00471;08889455000111;FUNDO MUNICIPAL;DOIS VIZINHOS;PR
Ins00472;46371654000122;MUNICIPIO DE SA;SANTA CRUZ DAS PALMEIRAS;SP
Ins00473;76002641000147;MUNICIPIO DE RI;RIO NEGRO;PR
Ins00474;88814181000130;MUNICIPIO DE OS;OSORIO;RS
Ins00475;76020452000105;MUNICIPIO DA LA;LAPA;PR
Ins00476;46189718000179;MUNICIPIO DE PE;PEDERNEIRAS;SP
Ins00477;91987669000174;MUNICIPIO DE MO;MONTE BELO DO SUL;RS
Ins00478;18299446000124;MUNICIPIO DE IT;ITABIRA;MG
Ins00479;09253109000105;FUNDO MUNICIPAL;CAMPO MOURAO;PR
Ins00480;07926117000140;CONSORCIO INTER;CAMAQUA;RS
Ins00481;13877281000107;FUNDO MUNICIPAL;TEIXEIROPOLIS;RO
Ins00482;01592473000198;MUNICIPIO DE PI;PIMENTEIRAS DO OESTE;RO
Ins00483;18478187000107;FUNDO  MUNICIPA;MARABA;PA
Ins00484;11384276000137;FUNDO MUNICIPAL;CALCADO;PE
Ins00485;07954571000104;SECRETARIA DA S;FORTALEZA;CE
Ins00486;11079071000148;FUNDO MUNICIPAL;BURITIS;RO
Ins00487;01693184000185;SECRETARIA MUNI;VERA MENDES;PI
Ins00488;14792165000158;FUNDO MUNICIPAL;VITORIA;ES
Ins00489;17754136000190;MUNICIPIO DE DI;DIAMANTINA;MG
Ins00490;80909617000163;MUNICIPIO DE SA;SAO MANOEL DO PARANA;PR
Ins00491;04092714000128;MUNICIPIO DE CA;CACOAL;RO
Ins00492;02529964000157;SECRETARIA DE E;GOIANIA;GO
Ins00493;45355575000165;MUNICIPIO DE IB;IBATE;SP
Ins00494;21467008000132;FUNDO MUNICIPAL;VILHENA;RO
Ins00495;11401857000130;FUNDO MUNICIPAL;MONTE ALEGRE;PA
Ins00496;28715986000103;CONSORCIO INTER;AMPARO DE SAO FRANCISCO;SE
Ins00497;05943030000155;MUNICIPIO DE BO;BOA VISTA;RR
Ins00498;10588370000145;FUNDO MUNICIPAL;SAO PEDRO DO IVAI;PR
Ins00499;76331941000170;MUNICIPIO DE CO;CORNELIO PROCOPIO;PR
Ins00500;03887256000150;CONSORCIO INTER;CANOINHAS;SC
Ins00501;11270608000152;FUNDO MUNICIPAL;BOQUIM;SE
Ins00502;10460927000168;FUNDO MUNICIPAL;CACIMBA DE AREIA;PB
Ins00503;19275776000142;FUNDO MUNICIPAL;COLORADO DO OESTE;RO
Ins00504;08061295000118;CONSORCIO METRO;CURITIBA;PR
Ins00505;18431312001359;MUNICIPIO DE UB;UBERLANDIA;MG
Ins00506;11112312000103;FUNDO MUNICIPAL;IVINHEMA;MS
Ins00507;11291694000180;FUNDO MUNICIPAL;APARECIDA DO TABOADO;MS
Ins00508;12342368000117;FUNDO MUNICIPAL;JACARE DOS HOMENS;AL
Ins00509;92324706000127;MUNICIPIO DE EL;ELDORADO DO SUL;RS
Ins00510;08518587000137;FUNDO MUNICIPAL;PARANAVAI;PR
Ins00511;56024581000156;MUNICIPIO DE RI;RIBEIRAO PRETO;SP
Ins00512;10505599000179;FUNDO MUNICIPAL;BALSA NOVA;PR
Ins00513;08881567000126;MUNICIPIO DE QU;QUIXABA;PB
Ins00514;14814026000188;FUNDO MUNICIPAL;SERRA;ES
Ins00515;46362927000172;MUNICIPIO DE BR;BROTAS;SP
Ins00516;09262602000191;FUNDO MUNICIPAL;SARANDI;PR
Ins00517;31796626000180;MUNICIPIO DE AG;AGUA DOCE DO NORTE;ES
Ins00518;13927758000111;FUNDO MUNICIPAL;GOVERNADOR LINDENBERG;ES
Ins00519;11328684000171;FUNDO MUNICIPAL;SAO FRANCISCO DO GUAPORE;RO
Ins00520;18158261000108;MUNICIPIO DE DO;DOURADOQUARA;MG
Ins00521;14578805000121;FUNDO MUNICIPAL;COLATINA;ES
Ins00522;76282664000152;MUNICIPIO DE PA;PAICANDU;PR
Ins00523;05266565000139;MUNICIPIO DE CA;CAJUEIRO DA PRAIA;PI
Ins00524;46634291000170;MUNICIPIO DE IT;ITAPETININGA;SP
Ins00525;10601116000130;FUNDO MUNICIPAL;CARLOPOLIS;PR
Ins00526;10572048000209;SECRETARIA DE S;RECIFE;PE
Ins00527;11265919000123;FUNDO MUNICIPAL;DIONISIO CERQUEIRA;SC
Ins00528;09583958000127;SAUDE - IS;ITAPECERICA DA SERRA;SP
Ins00529;11308894000106;FUNDO MUNICIPAL;MACAE;RJ
Ins00530;46482857000196;MUNICIPIO DE UB;UBATUBA;SP
Ins00531;16781346000104;MUNICIPIO DE PI;PIUMHI;MG
Ins00532;87838330000139;MUNICIPIO DE FE;FELIZ;RS
Ins00533;02930318000105;MUNICIPIO DE SE;SEBASTIAO LEAL;PI
Ins00534;10585650000108;FUNDO MUNICIPAL;JOAO NEIVA;ES
Ins00535;11261188000148;FUNDO MUNICIPAL;ITABAIANINHA;SE
Ins00536;12219015000124;FUNDO MUNICIPAL;ITABAIANA;SE
Ins00537;10640637000104;MUNICIPIO DE FL;FLORIANO;PI
Ins00538;08882730000175;MUNICIPIO DE SA;SAO JOSE DE ESPINHARAS;PB
Ins00539;76309806000128;MUNICIPIO DE CI;CIANORTE;PR
Ins00540;44531788000138;MUNICIPIO DE LI;LINS;SP
Ins00541;03517102000177;FUNDO ESPECIAL;CAMPO GRANDE;MS
Ins00542;08851627000168;FUNDO MUNICIPAL;BELEM DE MARIA;PE
Ins00543;18663401000197;MUNICIPIO DE GU;GUAXUPE;MG
Ins00544;09298629000134;FUNDO MUNICIPAL;GOIOERE;PR
Ins00545;11676238000158;FUNDO MUNICIPAL;ITAUEIRA;PI
Ins00546;18592162000121;MUNICIPIO DE ES;ESTRELA DO SUL;MG
Ins00547;49979255000137;MUNICIPIO DE IT;ITAPOLIS;SP
Ins00548;14173522000108;CONSORCIO PUBLI;CAMPO GRANDE;MS
Ins00549;08968508000190;FUNDO MUNICIPAL;PIMENTA BUENO;RO
Ins00550;10291345000103;FUNDO MUNICIPAL;PRIMAVERA;PE
Ins00551;11412389000107;FUNDO MUNICIPAL;TOMAR DO GERU;SE
Ins00552;65712077000130;MUNICIPIO DE PO;PONTALINDA;SP
Ins00553;53415717000160;MUNICIPIO DE OU;OURINHOS;SP
Ins00554;08987945000150;FUNDO MUNICIPAL;NOVA UNIAO;RO
Ins00555;29138377000193;MUNICIPIO DE TR;TRES RIOS;RJ
Ins00556;11966012000191;FUNDO MUNICIPAL;MONCOES;SP
Ins00557;08935681000191;FUNDO MUNICIPAL;FLORIANOPOLIS;SC
Ins00558;44445054000136;MUNICIPIO DE SA;SANTOPOLIS DO AGUAPEI;SP
Ins00559;07851282000180;FUNDO MUNICIPAL;ROLIM DE MOURA;RO
Ins00560;11508022000183;FUNDO MUNICIPAL;BORBOREMA;SP
Ins00561;46694139000183;MUNICIPIO DE JA;JACAREI;SP
Ins00562;80257355000108;UNIVERSIDADE ES;PONTA GROSSA;PR
Ins00563;12157728000100;FUNDO MUNICIPAL;VILA VELHA;ES
Ins00564;90256652000184;MUNICIPIO DE IM;IMBE;RS
Ins00565;06554166000560;MUNICIPIO DE RI;RIO GRANDE DO PIAUI;PI
Ins00566;19361548000195;FUNDO MUNICIPAL;MINISTRO ANDREAZZA;RO
Ins00567;11913577000100;FUNDO MUNICIPAL;ALTO ALEGRE DOS PARECIS;RO
Ins00568;22004126000177;FUNDO MUNICIPAL;COSTA MARQUES;RO
Ins00569;46374500003614;SECRETARIA DE E;BAURU;SP
Ins00570;46522959000198;MUNICIPIO DE MA;MAUA;SP
Ins00571;45270188000126;MUNICIPIO DE MA;MATAO;SP
Ins00572;09256935000108;FUNDO MUNICIPAL;MARECHAL CANDIDO RONDON;PR
Ins00573;08931506000126;FUNDO MUNICIPAL;UMUARAMA;PR
Ins00574;01742695000140;MUNICIPIO DE NO;NOVA SANTA RITA;PI
Ins00575;02875123000100;MUNICIPIO DE AG;AGRICOLANDIA;PI
Ins00576;87849923000109;MUNICIPIO DE BE;BENTO GONCALVES;RS
Ins00577;44431245000149;MUNICIPIO DE PI;PIACATU;SP
Ins00578;09520756000136;FUNDO MUNICIPAL;BANDEIRANTES;PR
Ins00579;75378844000170;MUNICIPIO DE GU;GUAPOREMA;PR
Ins00580;10414835000141;FMS - FUNDO MUN;LINHARES;ES
Ins00581;11948712000153;FUNDO MUNICIPAL;WALL FERRAZ;PI
Ins00582;75771477000170;MUNICIPIO DE LO;LONDRINA;PR
Ins00583;18308734000106;MUNICIPIO DE SA;SAO SEBASTIAO DO OESTE;MG
Ins00584;46410866000171;MUNICIPIO DE JA;JAGUARIUNA;SP
Ins00585;32370759000152;FUNDACAO MUNICI;PONTA GROSSA;PR
Ins00586;76105600000186;MUNICIPIO DE CA;CAMPINA GRANDE DO SUL;PR
Ins00587;21858225000153;MUNICIPIO DE MI;MILTON BRANDAO;PI
Ins00588;04326257000199;FUNDACAO MUNICI;BITURUNA;PR
Ins00589;13861101000107;FUNDO MUNICIPAL;BERTOLINIA;PI
Ins00590;75967760000171;MUNICIPIO DE UN;UNIAO DA VITORIA;PR
Ins00591;09151473000164;MUNICIPIO DE CO;CONDADO;PB
Ins00592;10380316000100;FUNDO MUNICIPAL;QUINTA DO SOL;PR
Ins00593;09367941000132;FUNDO MUNICIPAL;PLANALTINA DO PARANA;PR
Ins00594;11206680000110;FUNDO MUNICIPAL;CANOINHAS;SC
Ins00595;95423000000100;MUNICIPIO DE PI;PINHAIS;PR
Ins00596;09472866000170;FUNDO MUNICIPAL;NOVA AURORA;PR
Ins00597;06016618000126;FUNDO MUNICIPAL;MIRANTE DA SERRA;RO
Ins00598;44880060000111;MUNICIPIO DE DR;DRACENA;SP
Ins00599;10484826000127;FUNDO MUNICIPAL;BERNARDINO BATISTA;PB
Ins00600;45339363000194;MUNICIPIO DE PO;PORTO FERREIRA;SP
Ins00601;12022274000160;FUNDO MUNICIPAL;SANTA RITA DO PARDO;MS
Ins00602;44556207000112;MUNICIPIO DE UR;URU;SP
Ins00603;95719373000123;MUNICIPIO DE ME;MERCEDES;PR
Ins00604;01612566000137;MUNICIPIO DE BO;BOQUEIRAO DO PIAUI;PI
Ins00605;09588897000190;FUNDO MUNICIPAL;NOVA TEBAS;PR
Ins00606;88379763000136;MUNICIPIO DE IG;IGREJINHA;RS
Ins00607;08549559000187;FUNDO MUNICIPAL;SANTO INACIO;PR
Ins00608;08992896000144;FUNDO MUNICIPAL;BARRACAO;PR
Ins00609;44518504000173;MUNICIPIO DE LU;LUCIANOPOLIS;SP
Ins00610;47842836000105;MUNICIPIO DE FE;FERNANDOPOLIS;SP
Ins00611;13660767000199;FUNDACAO MUNICI;TUBARAO;SC
Ins00612;71989982000134;MUNICIPIO DE NO;NOVA EUROPA;SP
Ins00613;30372673000133;AUTARQUIA MUNIC;PAICANDU;PR
Ins00614;01613167000190;MUNICIPIO DE TA;TAMARANA;PR
Ins00615;11402806000122;FUNDO MUNICIPAL;ALTA FLORESTA D'OESTE;RO
Ins00616;76290709000130;MUNICIPIO DE AS;ASSAI;PR
Ins00617;11588202000112;FUNDO MUNICIPAL;SERRA GRANDE;PB
Ins00618;76105634000170;MUNICIPIO DE CO;COLOMBO;PR
Ins00619;76206465000165;MUNICIPIO DE MA;MATELANDIA;PR
Ins00620;87958625000149;SECRETARIA DA S;PORTO ALEGRE;RS
Ins00621;45317955000105;MUNICIPIO DE IT;ITIRAPUA;SP
Ins00622;04384268000125;MUNICIPIO DE CA;CAJAZEIRAS DO PIAUI;PI
Ins00623;13917136000102;FUNDO MUNICIPAL;CARIACICA;ES
Ins00624;11422073000198;FUNDO MUNICIPAL;JUAZEIRO DO NORTE;CE
Ins00625;11472134000121;FUNDO MUNICIPAL;FEIRA NOVA;PE
Ins00626;11306864000152;FUNDO MUNICIPAL;MUNDO NOVO;MS
Ins00627;16656280000120;FUNDO MUNICIPAL;RIO VERDE DE MATO GROSSO;MS
Ins00628;76105618000188;MUNICIPIO DE CA;CAMPO LARGO;PR
Ins00629;13034603000156;FUNDO MUNICIPAL;TRES LAGOAS;MS
Ins00630;11408007000163;FUNDO MUNICIPAL;GROAIRAS;CE
Ins00631;11190812000163;FUNDO MUNICIPAL;VITORIA DO XINGU;PA
Ins00632;10540697000147;FUNDO MUNICIPAL;FORQUILHINHA;SC
Ins00633;11465675000122;FUNDO MUNICIPAL;SERINGUEIRAS;RO
Ins00634;76002666000140;MUNICIPIO DE PI;PIEN;PR
Ins00635;11171199000137;FUNDO MUNICIPAL;PILAR;PB
Ins00636;11176515000163;FUNDO MUNICIPAL;CASTANHEIRAS;RO
Ins00637;01610390000184;MUNICIPIO DE TA;TAQUARAL;SP
Ins00638;11918033000131;FUNDO MUNICIPAL;VIANOPOLIS;GO
Ins00639;14004655000142;FUNDO MUNICIPAL;CHAPADAO DO SUL;MS
Ins00640;76285329000108;MUNICIPIO DE MA;MANDAGUACU;PR
Ins00641;13556480000113;FUNDO MUNICIPAL;PEDRO OSORIO;RS
Ins00642;11073548000188;TORITAMA FUNDO;TORITAMA;PE
Ins00643;88080379000138;MUNICIPIO DE HE;HERVAL;RS
Ins00644;04218960000183;MUNICIPIO DE AR;ARROIO DO PADRE;RS
Ins00645;44518371000135;MUNICIPIO DE GA;GARCA;SP
Ins00646;11822633000100;FUNDO MUNICIPAL;JAGUARE;ES
Ins00647;75587204000170;MUNICIPIO DE TE;TERRA ROXA;PR
Ins00648;11153600000106;FUNDO MUNICIPAL;BOQUEIRAO;PB
Ins00649;45355914000103;MUNICIPIO DE RI;RIBEIRAO BONITO;SP
Ins00650;75368928000122;MUNICIPIO DE MA;MAMBORE;PR
Ins00651;75352062000161;MUNICIPIO DE MU;MUNHOZ DE MELO;PR
Ins00652;18457200000133;MUNICIPIO DE CA;CANAPOLIS;MG
Ins00653;11356696000100;FUNDO MUNICIPAL;SAO MATEUS;ES
Ins00654;76105659000174;MUNICIPIO DE AL;ALMIRANTE TAMANDARE;PR
Ins00655;11429173000146;FUNDO MUNICIPAL;RIO BANANAL;ES
Ins00656;10486210000195;FUNDO MUNICIPAL;JACARAU;PB
Ins00657;11664446000137;FUNDO MUNICIPAL;PACAJA;PA
Ins00658;01825779000147;MUNICIPIO DE NA;NAZARE DO PIAUI;PI
Ins00659;09307789000100;FUNDO MUNICIPAL;RANCHO ALEGRE D'OESTE;PR
Ins00660;19122075000173;FUNDO MUNICIPAL;JI-PARANA;RO
Ins00661;76021450000122;MUNICIPIO DE SA;SAO MATEUS DO SUL;PR
Ins00662;08663203000170;FUNDO MUNICIPAL;ILHEUS;BA
Ins00663;09280202000109;FUNDO MUNICIPAL;MAUA DA SERRA;PR
Ins00664;08730943000181;FUNDO MUNICIPAL;CAPIM;PB
Ins00665;11164805000197;FUNDO MUNICIPAL;JURIPIRANGA;PB
Ins00666;18158642000189;MUNICIPIO DE IR;IRAI DE MINAS;MG
Ins00667;78956513000168;AUTARQUIA MUNIC;APUCARANA;PR
Ins00668;09555110000194;FUNDO MUNICIPAL;NOVO REPARTIMENTO;PA
Ins00669;11490408000105;FUNDO MUNICIPAL;ALHANDRA;PB
Ins00670;12431437000169;FUNDO MUNICIPAL;CASSERENGUE;PB
Ins00671;95587473000143;FUNDO MUNICIPAL;LARANJEIRAS DO SUL;PR
Ins00672;14830853000165;FUNDO MUNICIPAL;CASTELO;ES
Ins00673;13884491000122;FUNDO MUNICIPAL;JERUMENHA;PI
Ins00674;23014200000107;FUNDO MUNICIPAL;CRUZ DO ESPIRITO SANTO;PB
Ins00675;77721363000140;MUNICIPIO DE OR;ORTIGUEIRA;PR
Ins00676;95725438000143;FUNDO MUNICIPAL;GUAIRA;PR
Ins00677;09494245000197;FUNDO MUNICIPAL;UMBUZEIRO;PB
Ins00678;76208487000164;MUNICIPIO DE PA;PALOTINA;PR
Ins00679;43976166000150;MUNICIPIO DE AM;AMERICO BRASILIENSE;SP
Ins00680;11513856000187;AUTARQUIA MUNIC;CAMBIRA;PR
Ins00681;02703617000107;MUNICIPIO DE CA;CAMPINAS DO PIAUI;PI
Ins00682;07146301000177;MUNICIPIO DE CH;CHAVAL;CE
Ins00683;76413061000142;MUNICIPIO DE NO;NOVA ALIANCA DO IVAI;PR
Ins00684;14028087000110;FUNDO MUNICIPAL;DEMERVAL LOBAO;PI
Ins00685;15408168000108;FUNDO MUNICIPAL;CAPAO ALTO;SC
Ins00686;01612155000141;MUNICIPIO DE SO;SOORETAMA;ES
Ins00687;08929648000159;MUNICIPIO DE CA;CACIMBA DE DENTRO;PB
Ins00688;10517867000172;FUNDO MUNICIPAL;RONCADOR;PR
Ins00689;08542693000156;FUNDO MUNICIPAL;LOBATO;PR
Ins00690;12306005000126;FUNDO MUNICIPAL;ITATUBA;PB
Ins00691;11248285000109;FUNDO MUNICIPAL;IPOJUCA;PE
Ins00692;11323039000166;FUNDO MUNICIPAL;BOCA DA MATA;AL
Ins00693;17453467000190;FUNDO MUNICIPAL;CONCEICAO DO ARAGUAIA;PA
Ins00694;67662544000190;MUNICIPIO DE EM;EMILIANOPOLIS;SP
Ins00695;09654201000187;FUNDO MUNICIPAL;RIBEIRAO DO PINHAL;PR
Ins00696;08597121000174;FUNDO ESTADUAL;CURITIBA;PR
Ins00697;12526644000105;FUNDO MUNICIPAL;SAO JOSE DO BONFIM;PB
Ins00698;11227813000135;FUNDO MUNICIPAL;SAO JOSE DOS RAMOS;PB
Ins00699;08927244000126;FUNDO MUNICIPAL;RONDON;PR
Ins00700;88414552000197;MUNICIPIO DE JA;JAGUARAO;RS
Ins00701;14540893000172;FUNDO MUNICIPAL;CASSILANDIA;MS
Ins00702;46425229000179;MUNICIPIO DE AG;AGUAI;SP
Ins00703;76288760000108;MUNICIPIO DE RO;ROLANDIA;PR
Ins00704;11348184000100;FUNDO MUNICIPAL;PALMEIRAIS;PI
Ins00705;13070749000157;FUNDO MUNICIPAL;MATARACA;PB
Ins00706;11307575000178;FUNDO MUNICIPAL;SANTA CRUZ DOS MILAGRES;PI
Ins00707;75771204000125;MUNICIPIO DE JA;JANDAIA DO SUL;PR
Ins00708;46231890000143;MUNICIPIO DE SA;SANTA CRUZ DO RIO PARDO;SP
Ins00709;11364895000160;FUNDO MUNICIPAL;VARZEA GRANDE;MT
Ins00710;03518900000113;INSTITUTO CURIT;CURITIBA;PR
Ins00711;19314027000187;FUNDO MUNICIPAL;VALE DO PARAISO;RO
Ins00712;63761993000215;MUNICIPIO DE SE;SERINGUEIRAS;RO
Ins00713;46435921000188;MUNICIPIO DE DI;DIVINOLANDIA;SP
Ins00714;10568451000183;FUNDO MUNICIPAL;IMBITUBA;SC
Ins00715;11401087000125;FUNDO MUNICIPAL;CHA PRETA;AL
Ins00716;11811613000125;FUNDO MUNICIPAL;SANTA LUZIA D'OESTE;RO
Ins00717;76247386000100;MUNICIPIO DE MA;MARIA HELENA;PR
Ins00718;44229805000187;MUNICIPIO DE CA;CASSIA DOS COQUEIROS;SP
Ins00719;00843130000196;MUNICIPIO DE OE;OEIRAS;PI
Ins00720;03269695000108;CONSORCIO INTER;BLUMENAU;SC
Ins00721;11462050000107;FUNDO MUNICIPAL;SALGADO DE SAO FELIX;PB
Ins00722;12075748000132;CONSORCIO INTER;FLORIANOPOLIS;SC
Ins00723;11544537000139;FUNDO MUNICIPAL;DIVINA PASTORA;SE
Ins00724;46373445000118;MUNICIPIO DE TA;TAMBAU;SP
Ins00725;08561107000110;FUNDO MUNICIPAL;ASTORGA;PR
Ins00726;76105519000104;MUNICIPIO DE CO;CONTENDA;PR
Ins00727;18241380000111;MUNICIPIO DE IT;ITAMOGI;MG
Ins00728;46523262000131;MUNICIPIO DE GU;GUARAREMA;SP
Ins00729;04632212000142;MUNICIPIO DE PR;PRESIDENTE MEDICI;RO
Ins00730;55356653000108;MUNICIPIO DE PR;PRESIDENTE PRUDENTE;SP
Ins00731;08976611000181;FUNDO MUNICIPAL;BOM JESUS DO SUL;PR
Ins00732;25648387000118;UNIVERSIDADE FE;UBERLANDIA;MG
Ins00733;48664296000171;MUNICIPIO DE PR;PRADOPOLIS;SP
Ins00734;76175926000180;MUNICIPIO DE CA;CANDIDO DE ABREU;PR
Ins00735;91995365000159;MUNICIPIO DE NO;NOVA HARTZ;RS
Ins00736;11294360000160;MUNICIPIO DE AM;AMARAJI;PE
Ins00737;14051123000166;FUNDO MUNICIPAL;ANCHIETA;ES
Ins00738;18960233000100;CONSORCIO INTER;PRESIDENTE PRUDENTE;SP
Ins00739;00000000000000;FUNDO MUNICIPAL;RIBEIRAO DO PINHAL;PR
Ins00740;95719472000105;MUNICIPIO DE PA;PATO BRAGADO;PR
Ins00741;07615929000174;FUNDO MUNICIPAL;ITABAIANA;PB
Ins00742;75449579000173;MUNICIPIO DE RI;RIBEIRAO CLARO;PR
Ins00743;11209770000165;FUNDO MUNICIPAL;MATUREIA;PB
Ins00744;88150495000186;MUNICIPIO DE ES;ESTEIO;RS
Ins00745;50387844000105;MUNICIPIO DE JA;JABOTICABAL;SP
Ins00746;76105550000137;MUNICIPIO DE MA;MANDIRITUBA;PR
Ins00747;11393101000196;FUNDO MUNICIPAL;GLORIA DO GOITA;PE
Ins00748;03330461000110;MUNICIPIO DE CO;CORUMBA;MS
Ins00749;84745389000194;MUNICIPIO DE SA;SAO FELIPE D'OESTE;RO
Ins00750;75827204000108;MUNICIPIO DE NO;NOVA AMERICA DA COLINA;PR
Ins00751;51501484000193;CONSORCIO INTER;ASSIS;SP
Ins00752;11892520000172;FUNDO MUNICIPAL;BASTOS;SP
Ins00753;75732057000184;MUNICIPIO DE CA;CAMBE;PR
Ins00754;09536254000101;FUNDO MUNICIPAL;SAO MIGUEL DO GUAPORE;RO
Ins00755;09259137000130;FUNDO MUNICIPAL;LUPIONOPOLIS;PR
Ins00756;09309271000106;FUNDO MUNICIPAL;JACAREZINHO;PR
Ins00757;78279973000107;MUNICIPIO DE TU;TURVO;PR
Ins00758;09485333000122;FUNDO MUNICIPAL;IRATI;PR
Ins00759;09157931000172;FUNDO MUNICIPAL;CAPANEMA;PR
Ins00760;08888105000130;FUNDO MUNICIPAL;ASSIS CHATEAUBRIAND;PR
Ins00761;23085655000105;FUNDO MUNICIPAL;NOVA BRASILANDIA D'OESTE;RO
Ins00762;07242772000189;CONSORCIO INTER;LAJEADO;RS
Ins00763;11168783000133;FUNDO MUNICIPAL;CABO DE SANTO AGOSTINHO;PE
Ins00764;04218211000156;MUNICIPIO DE PA;PAU D'ARCO DO PIAUI;PI
Ins00765;12584054000120;FUNDO MUNICIPAL;JACUIPE;AL
Ins00766;01576782000174;MUNICIPIO DE PR;PRATANIA;SP
Ins00767;11224453000118;FUNDO MUNICIPAL;PAULO JACINTO;AL
Ins00768;06554323000103;MUNICIPIO DE AL;ALTO LONGA;PI
Ins00769;76910900000138;MUNICIPIO DE JA;JAGUARIAIVA;PR
Ins00770;09535844000101;FUNDO MUNICIPAL;GRANDES RIOS;PR
Ins00771;11685421000110;FUNDO MUNICIPAL;BAYEUX;PB
Ins00772;02545932000145;MUNICIPIO DE AR;ARRAIAL;PI
Ins00773;02419781000189;MUNICIPIO DE PO;PORTO;PI
Ins00774;94707486000146;MUNICIPIO DE LI;LINDOLFO COLLOR;RS
Ins00775;78092293000171;MUNICIPIO DE SA;SANTA INES;PR
Ins00776;88696810000175;MUNICIPIO DE CA;CAMAQUA;RS
Ins00777;11970318000111;FUNDO MUNICIPAL;CORURIPE;AL
Ins00778;10417698000107;FUNDO MUNICIPAL;ITAMBE;PE
Ins00779;14635944000140;FUNDO MUNICIPAL;IBIRACU;ES
Ins00780;15718459000100;CONSORCIO INTER;UMUARAMA;PR
Ins00781;44751725000197;MUNICIPIO DE SA;SANTA CRUZ DA CONCEICAO;SP
Ins00782;11453233000166;FUNDO MUNICIPAL;MURITIBA;BA
Ins00783;08194799000106;FUNDO MUNICIPAL;MACHADOS;PE
Ins00784;76205707000104;MUNICIPIO DE SA;SALTO DO LONTRA;PR
Ins00785;13917262000167;FUNDO MUNICIPAL;SANTA MARIA DE JETIBA;ES
Ins00786;17518565000168;FUNDO MUNICIPAL;PARAISO DAS AGUAS;MS
Ins00787;10411736000106;FUNDO MUNICIPAL;BRASILANDIA;MS
Ins00788;08937598000151;FUNDO MUNICIPAL;ITAMBE;PR
Ins00789;76416866000140;SECRETARIA DE E;CURITIBA;PR
Ins00790;05893631000109;MUNICIPIO DE GU;GUAJARA-MIRIM;RO
Ins00791;88661400000199;MUNICIPIO DE TE;TEUTONIA;RS
Ins00792;09652908000154;FUNDO MUNICIPAL;FENIX;PR
Ins00793;09271085000117;FUNDO MUNICIPAL;SENGES;PR
Ins00794;45323474000102;MUNICIPIO DE AR;ARAMINA;SP
Ins00795;77001311000108;MUNICIPIO DE CA;CASTRO;PR
Ins00796;02361201000140;MUNICIPIO DE BA;BARRAS;PI
Ins00797;46523049000120;MUNICIPIO DE CO;COTIA;SP
Ins00798;24039073000155;FUNDACAO ESTATA;CURITIBA;PR
Ins00799;46634309000134;MUNICIPIO DE PA;PARANAPANEMA;SP
Ins00800;10264406000135;MUNICIPIO DE PE;PESQUEIRA;PE
Ins00801;14785598000186;FUNDO MUNICIPAL;NOVA VENECIA;ES
Ins00802;09239144000170;FUNDO MUNICIPAL;ICARAIMA;PR
Ins00803;45369220000125;MUNICIPIO DE SA;SAO SIMAO;SP
Ins00804;53300331000103;MUNICIPIO DE PA;PARAPUA;SP
Ins00805;76205665000101;MUNICIPIO DE MA;MARMELEIRO;PR
Ins00806;11594727000160;FUNDO MUNICIPAL;MAR VERMELHO;AL
Ins00807;00562279000105;FUNDO MUNICIPAL;PALMARES;PE
Ins00808;95583571000102;MUNICIPIO DE MA;MARIPA;PR
Ins00809;13099820000124;CUITE DE MAMANG;CUITE DE MAMANGUAPE;PB
Ins00810;44229813000123;MUNICIPIO DE SE;SERRANA;SP
Ins00811;09141808000163;FUNDO MUNICIPAL;CAFEARA;PR
Ins00812;06553952000119;MUNICIPIO DE SI;SIMPLICIO MENDES;PI
Ins00813;12225481000112;FUNDO MUNICIPAL;CENTRALINA;MG
Ins00814;46634200000105;MUNICIPIO DE IT;ITAI;SP
Ins00815;11399249000138;FUNDO MUNICIPAL;JANDIRA;SP
Ins00816;76970300000165;MUNICIPIO DE NO;NOSSA SENHORA DAS GRACAS;PR
Ins00817;12842829000110;MUNICIPIO DE TE;TEOTONIO VILELA;AL
Ins00818;11423181000185;FUNDO MUNICIPAL;GUACUI;ES
Ins00819;72887078000180;MUNICIPIO DE VE;VERA CRUZ;SP
Ins00820;00394544017150;MINISTERIO DA S;RIO DE JANEIRO;RJ
Ins00821;01613513000130;MUNICIPIO DE PO;PORTO ALEGRE DO PIAUI;PI
Ins00822;08703778000179;FUNDO MUNICIPAL;FLORIDA;PR
Ins00823;11190128000181;FUNDO MUNICIPAL;REDENCAO;PA
Ins00824;76179829000165;MUNICIPIO DE PA;PALMEIRA;PR
Ins00825;08966882000156;FUNDO MUNICIPAL;VALE DO ANARI;RO
Ins00826;95719381000170;MUNICIPIO DE QU;QUATRO PONTES;PR
Ins00827;09285785000160;FUNDO MUNICIPAL;SAO JOAO DO TRIUNFO;PR
Ins00828;09258961000175;FUNDO MUNICIPAL;SAO PEDRO DO IGUACU;PR
Ins00829;80912124000182;MUNICIPIO DE SA;SAO MIGUEL DA BOA VISTA;SC
Ins00830;00733062000102;FUNDO ESTADUAL;PORTO VELHO;RO
Ins00831;11159820000147;FUNDO MUNICIPAL;BRANQUINHA;AL
Ins00832;09468040000137;FUNDO MUNICIPAL;PIRAQUARA;PR
Ins00833;13069201000197;FUNDO MUNICIPAL;JUNCO DO SERIDO;PB
Ins00834;76995448000154;MUNICIPIO DE PA;PATO BRANCO;PR
Ins00835;42498717000155;SECRETARIA DE E;RIO DE JANEIRO;RJ
Ins00836;02321216000184;MUNICIPIO DE SA;SAO JOAO DA VARJOTA;PI
Ins00837;29115474000160;MUNICIPIO DE MA;MACAE;RJ
Ins00838;46523015000135;MUNICIPIO DE BA;BARUERI;SP
Ins00839;76206457000119;MUNICIPIO DE SA;SANTA HELENA;PR
Ins00840;75963256000101;MUNICIPIO DE RI;RIO AZUL;PR
Ins00841;11485023000150;FUNDO MUNICIPAL;CUJUBIM;RO
Ins00842;19110162000100;FUNDACAO HOSPIT;VARGINHA;MG
Ins00843;10539832000134;FUNDO MUNICIPAL;GUADALUPE;PI
Ins00844;04217860000132;MUNICIPIO DE CO;COQUEIRO BAIXO;RS
Ins00845;00772500000141;MUNICIPIO DE SO;SOCORRO DO PIAUI;PI
Ins00846;75687954000113;MUNICIPIO DE PA;PAULA FREITAS;PR
Ins00847;12375571000190;LAGOA DE DENTRO;LAGOA DE DENTRO;PB
Ins00848;56901275000150;MUNICIPIO DE AR;ARUJA;SP
Ins00849;46374500003533;SECRETARIA DE E;RIBEIRAO PRETO;SP
Ins00850;00136858000188;CONSORCIO INTER;PATO BRANCO;PR
Ins00851;11429927000168;FUNDO MUNICIPAL;CRUZ DAS ALMAS;BA
Ins00852;87990800000185;MUNICIPIO DE CA;CACHOEIRINHA;RS
Ins00853;09090689000167;MUNICIPIO DE SA;SANTA LUZIA;PB
Ins00854;12401524000173;FUNDO MUNICIPAL;CATINGUEIRA;PB
Ins00855;14587933000131;FUNDO MUNICIPAL;VIANA;ES
Ins00856;76002658000102;MUNICIPIO DE CA;CAMPO DO TENENTE;PR
Ins00857;46227849000101;MUNICIPIO DE PO;PONGAI;SP
Ins00858;15246041000130;FUNDO MUNICIPAL;CORUMBIARA;RO
Ins00859;03961246000118;MUNICIPIO DE AC;ACAUA;PI
Ins00860;46374500015701;SECRETARIA DE E;SAO PAULO;SP
Ins00861;13650403000128;MUNICIPIO DE TE;TEIXEIRA DE FREITAS;BA
Ins00862;12332979000184;MUNICIPIO DE SA;SANTANA DO MUNDAU;AL
Ins00863;78121985000109;MUNICIPIO DE BO;BOA VISTA DA APARECIDA;PR
Ins00864;52359692000162;MUNICIPIO DE BO;BOM JESUS DOS PERDOES;SP
Ins00865;45741527000105;MUNICIPIO DE SA;SAO SEBASTIAO DA GRAMA;SP
Ins00866;29138278000705;NOVA IGUACU PRE;NOVA IGUACU;RJ
Ins00867;82892282000143;MUNICIPIO DE FL;FLORIANOPOLIS;SC
Ins00868;11980140000190;FUNDO MUNICIPAL;MONSENHOR GIL;PI
Ins00869;04380507000179;MUNICIPIO DE OU;OURO PRETO DO OESTE;RO
Ins00870;11372925000180;FUNDO MUNICIPAL;ALMEIRIM;PA
Ins00871;06554760000127;MUNICIPIO DE AG;AGUA BRANCA;PI
Ins00872;11243983000103;FUNDO MUNICIPAL;PINDOBA;AL
Ins00873;10560403000149;MUNICIPIO DE NA;NAZARIA;PI
Ins00874;76402882000183;MUNICIPIO DE JA;JANIOPOLIS;PR
Ins00875;11835031000189;FUNDO MUNICIPAL;SAO FIDELIS;RJ
Ins00876;08218991000195;FUNDO MUNICIPAL;ITABUNA;BA
Ins00877;63762009000230;MUNICIPIO DE NO;NOVO HORIZONTE DO OESTE;RO
Ins00878;11216262000104;FUNDO MUNICIPAL;VASSOURAS;RJ
Ins00879;02852126000110;MUNICIPIO DE EL;ELISEU MARTINS;PI
Ins00880;11899610000195;FUNDO MUNICIPAL;URUARA;PA
Ins00881;11297536000137;FUNDO MUNICIPAL;PATY DO ALFERES;RJ
Ins00882;02433931000109;MUNICIPIO DE PA;PAULISTANA;PI
Ins00883;06554919000103;MUNICIPIO DE FR;FRANCINOPOLIS;PI
Ins00884;63761969000103;MUNICIPIO DE CA;CASTANHEIRAS;RO
Ins00885;07331783000135;FUNDO MUNICIPAL;AGUA AZUL DO NORTE;PA
Ins00886;76205640000108;MUNICIPIO DE DO;DOIS VIZINHOS;PR
Ins00887;18239616000185;MUNICIPIO DE GU;GUAPE;MG
Ins00888;88000906000157;MUNICIPIO DE AL;ALVORADA;RS
Ins00889;46523007000199;MUNICIPIO DE PI;PIRAPORA DO BOM JESUS;SP
Ins00890;10541009000163;FUNDO MUNICIPAL;CACIMBAS;PB
Ins00891;32415283000129;MUNICIPIO DE MI;MIGUEL PEREIRA;RJ
Ins00892;44553790000108;MUNICIPIO DE BA;BALBINOS;SP
Ins00893;14051642000124;FUNDO MUNICIPAL;SAO FELIX DO XINGU;PA
Ins00894;11381413000180;FUNDO MUNICIPAL;BANNACH;PA
Ins00895;11441605000134;FUNDO MUNICIPAL;OURILANDIA DO NORTE;PA
Ins00896;10759784000190;FUNDO MUNICIPAL;ALIANCA;PE
Ins00897;46522983000127;MUNICIPIO DE SA;SANTANA DE PARNAIBA;SP
Ins00898;87568911000106;MUNICIPIO DE CA;CANDELARIA;RS
Ins00899;07598642000183;MUNICIPIO DE SE;SENADOR SA;CE
Ins00900;11289929000107;FUNDO MUNICIPAL;XEXEU;PE
Ins00901;34671016000148;MUNICIPIO DE PA;PAU D'ARCO;PA
Ins00902;09647690000140;FUNDO MUNICIPAL;PAU D'ARCO;PA
Ins00903;45352267000186;MUNICIPIO DE PO;PONTAL;SP
Ins00904;04589955000187;FUNDO MUNICIPAL;AQUIDAUANA;MS
Ins00905;11601645000104;FUNDO MUNICIPAL;SAO MIGUEL DE TAIPU;PB
Ins00906;12835008000157;FUNDO MUNICIPAL;SANTANA DO ARAGUAIA;PA
Ins00907;11770182000104;FUNDO MUNICIPAL;GUARAPARI;ES
Ins00908;04182700000103;FUNDO MUNICIPAL;SAO PEDRO DA ALDEIA;RJ
Ins00909;11471451000123;FUNDO MUNICIPAL;OLHO D'AGUA;PB
Ins00910;04311955000110;FUNDO MUNICIPAL;MARICA;RJ
Ins00911;45368545000193;MUNICIPIO DE SA;SANTA ROSA DE VITERBO;SP
Ins00912;29138278000101;MUNICIPIO DE NO;NOVA IGUACU;RJ
Ins00913;01875923000150;MUNICIPIO DE BU;BURITI DOS MONTES;PI
Ins00914;11414057000153;FUNDO MUNICIPAL;MASSAPE;CE
Ins00915;12014954000132;FUNDO MUNICIPAL;MENDES;RJ
Ins00916;76970391000139;MUNICIPIO DE PA;PARANAPOEMA;PR
Ins00917;11795661000177;FUNDO MUNICIPAL;SANTO ANTONIO DE JESUS;BA
Ins00918;68319748000195;MUNICIPIO DE GU;GUATAPARA;SP
Ins00919;11356210000133;FUNDO MUNICIPAL;SIRINHAEM;PE
Ins00920;04266498000190;SECRETARIA MUNI;ESPERANTINA;PI
Ins00921;11194088000146;FUNDO MUNICIPAL;XINGUARA;PA
Ins00922;11144705000107;FUNDO MUNICIPAL;ARRAIAL DO CABO;RJ
Ins00923;11095923000190;FUNDO MUNICIPAL;INOCENCIA;MS
Ins00924;18478187000107;FUNDO  MUNICIPAL  DE  SAUDE DE  MARABA;MARABA;PA
Ins00925;11381413000180;FUNDO MUNICIPAL DE SAUDE;BANNACH;PA
Ins00926;88000906000157;MUNICIPIO DE ALVORADA;ALVORADA;RS
Ins00927;06205888000185;;SOBRADINHO;RS
Ins00928;46523007000199;MUNICIPIO DE PIRAPORA DO BOM JESUS;PIRAPORA DO BOM JESUS;SP
Ins00929;88488366000100;MUNICIPIO DE SANTA MARIA;SANTA MARIA;RS
Ins00930;02529964000157;SECRETARIA DE ESTADO DA SAUDE;GOIANIA;GO
Ins00931;14814139000183;FUNDACAO ESTATAL DE ATENCAO ESPECIALIZADA EM SAUDE DE CURITIBA (FEAES - CURITIBA);CURITIBA;PR
Ins00932;42498717000155;SECRETARIA DE ESTADO DE SAUDE - SES;RIO DE JANEIRO;RJ
Ins00933;13650403000128;MUNICIPIO DE TEIXEIRA DE FREITAS;TEIXEIRA DE FREITAS;BA
Ins00934;46634200000105;MUNICIPIO DE ITAI;ITAI;SP
Ins00935;02911953000137;FUNDO MUNICIPAL DE SAUDE DE SAPUCAIA;SAPUCAIA;RJ
Ins00936;46523015000135;MUNICIPIO DE BARUERI;BARUERI;SP
Ins00937;11348486000170;FUNDO MUNICIPAL DE SAUDE;CAMUTANGA;PE
Ins00938;11895474000165;FUNDO MUNICIPAL DE SAUDE;FLEXEIRAS;AL
Ins00939;11770182000104;FUNDO MUNICIPAL DE SAUDE DE GUARAPARI;GUARAPARI;ES
Ins00940;04228734000183;FUNDACAO SERVICOS DE SAUDE DE MATO GROSSO DO SUL-SAUDE-MS;CAMPO GRANDE;MS
Ins00941;14029232000187;FUNDO MUNICIPAL DE SAUDE;JAPARATINGA;AL
Ins00942;88254875000160;MUNICIPIO DE NOVO HAMBURGO;NOVO HAMBURGO;RS
Ins00943;29138278000705;NOVA IGUACU PREFEITURA;NOVA IGUACU;RJ
Ins00944;88577416000118;MUNICIPIO DE CANOAS;CANOAS;RS
Ins00945;22992304000115;FUNDO MUNICIPAL DE SAUDE DE NOVA MAMORE;NOVA MAMORE;RO
Ins00946;46374500001751;SECRETARIA DE ESTADO DA SAUDE;BAURU;SP
Ins00947;11478439000140;FUNDO MUNICIPAL DE SAUDE DE CAMPO NOVO DE RONDONIA;CAMPO NOVO DE RONDONIA;RO
Ins00948;06205888000185;CONSORCIO INTERMUNICIPAL DO VALE DO JACUI;SOBRADINHO;RS
Ins00949;16781346000104;MUNICIPIO DE PIUMHI;PIUMHI;MG
Ins00950;11203936000136;FUNDO MUNICIPAL DE SAUDE;CAPELA;AL
Ins00951;25053117000164;SECRETARIA DA SAUDE;PALMAS;TO
Ins00952;01592473000198;MUNICIPIO DE PIMENTEIRAS DO OESTE;PIMENTEIRAS DO OESTE;RO
Ins00953;12457150000108;FUNDO MUNICIPAL DE SAUDE DE RIO TINTO;RIO TINTO;PB
Ins00954;32370759000152;FUNDACAO MUNICIPAL DE SAUDE DE PONTA GROSSA;PONTA GROSSA;PR
Ins00955;11811613000125;FUNDO MUNICIPAL DE SAUDE;SANTA LUZIA D`OESTE;RO
Ins00956;02861127000120;MUNICIPIO DE BATALHA-SECRETARIA MUNICIPAL DE SAUDE E SANEAMENTO BASICO;BATALHA;PI
Ins00957;11186410000195;FUNDO MUNICIPAL DE SAUDE DE BELTERRA;BELTERRA;PA
Ins00958;11822995000192;FUNDO MUNICIPAL DE SAUDE DE SAPUCAIA;SAPUCAIA;PA
Ins00959;12401524000173;FUNDO MUNICIPAL DE SAUDE;CATINGUEIRA;PB
Ins00960;11402806000122;FUNDO MUNICIPAL DE SAUDE;ALTA FLORESTA D`OESTE;RO
Ins00961;09367941000132;FUNDO MUNICIPAL DE SAUDE;PLANALTINA DO PARANA;PR
Ins00962;04394805000118;MUNICIPIO DE ROLIM DE MOURA;ROLIM DE MOURA;RO
Ins00963;07598642000183;MUNICIPIO DE SENADOR SA;SENADOR SA;CE
Ins00964;11294360000160;MUNICIPIO DE AMARAJI;AMARAJI;PE
Ins00965;08944084000123;MUNICIPIO DE EMAS;EMAS;PB
Ins00966;87568911000106;MUNICIPIO DE CANDELARIA;CANDELARIA;RS
Ins00967;12011652000100;SSFUNDO MUNICIPAL DE SAUDE DE SERRARIA - PB;SERRARIA;PB
Ins00968;08790172000118;MUNICIPIO DE SERRARIA;SERRARIA;PB
Ins00969;07926117000140;CONSORCIO INTERMUNICIPAL - CI - CENTRO SUL;CAMAQUA;RS
Ins00970;88566872000162;MUNICIPIO DO RIO GRANDE;RIO GRANDE;RS
Ins00971;11289929000107;FUNDO MUNICIPAL DE SAUDE;XEXEU;PE
Ins00972;10460927000168;FUNDO MUNICIPAL DE SAUDE DE CACIMBA DE AREIA;CACIMBA DE AREIA;PB
Ins00973;11292555000170;FUNDO MUNICIPAL DE SAUDE DO MUNICIPIO DE MESSIAS;MESSIAS;AL
Ins00974;87890992000158;MUNICIPIO DE GRAVATAI;GRAVATAI;RS
Ins00975;15246041000130;FUNDO MUNICIPAL DE SAUDE;CORUMBIARA;RO
Ins00976;46374500003533;SECRETARIA DE ESTADO DA SAUDE;RIBEIRAO PRETO;SP
Ins00977;11418606000168;FUNDO MUNICIPAL DE SAUDE;SAO JOSE DE ESPINHARAS;PB
Ins00978;11408007000163;FUNDO MUNICIPAL DE SAUDE DE GROAIRAS;GROAIRAS;CE
Ins00979;11408429000139;FUNDO MUNICIPAL DE SAUDE DE PASSO DE CAMARAGIBE;PASSO DE CAMARAGIBE;AL
Ins00980;46227849000101;MUNICIPIO DE PONGAI;PONGAI;SP
Ins00981;44518371000135;MUNICIPIO DE GARCA;GARCA;SP
Ins00982;12625868000166;FUNDO MUNICIPAL DE SAUDE;SAO LEOPOLDO;RS
Ins00983;75368928000122;MUNICIPIO DE MAMBORE;MAMBORE;PR
Ins00984;88830609000139;MUNICIPIO DE CAXIAS DO SUL;CAXIAS DO SUL;RS
Ins00985;04380507000179;MUNICIPIO DE OURO PRETO DO OESTE;OURO PRETO DO OESTE;RO
Ins00986;11073548000188;TORITAMA FUNDO MUNICIPAL DE SAUDE;TORITAMA;PE
Ins00987;12375571000190;LAGOA DE DENTRO - FUNDO MUNICIPAL DE SAUDE;LAGOA DE DENTRO;PB
Ins00988;01613167000190;MUNICIPIO DE TAMARANA;TAMARANA;PR
Ins00989;05131180000164;MUNICIPIO DE OBIDOS;OBIDOS;PA
Ins00990;88661400000199;MUNICIPIO DE TEUTONIA;TEUTONIA;RS
Ins00991;11422073000198;FUNDO MUNICIPAL DE SAUDE DE JUAZEIRO DO NORTE;JUAZEIRO DO NORTE;CE
Ins00992;09647690000140;FUNDO MUNICIPAL DE SAUDE;PAU D`ARCO;PA
Ins00993;11227813000135;FUNDO MUNICIPAL DE SAUDE DE SAO JOSE DOS RAMOS;SAO JOSE DOS RAMOS;PB
Ins00994;06553887000555;MUNICIPIO DE PIRACURUCA;PIRACURUCA;PI
Ins00995;23109604000176;FUNDO MUNICIPAL DE SAUDE DE ESPIGAO DO OESTE (FMS);ESPIGAO D`OESTE;RO
Ins00996;07146301000177;MUNICIPIO DE CHAVAL;CHAVAL;CE
Ins00997;09520756000136;FUNDO MUNICIPAL DE SAUDE;BANDEIRANTES;PR
Ins00998;11265919000123;FUNDO MUNICIPAL SAUDE;DIONISIO CERQUEIRA;SC
Ins00999;11429173000146;FUNDO MUNICIPAL DE SAUDE DE RIO BANANAL;RIO BANANAL;ES
Ins01000;12051399000119;FUNDO MUNICIPAL DE SAUDE DE PEDRA BRANCA;PEDRA BRANCA;PB
Ins01001;11975218000188;FUNDO MUNICIPAL DE SAUDE DO MUNICIPIO DE RIACHAO DO POCO;RIACHAO DO POCO;PB
Ins01002;88000914000101;MUNICIPIO DE VIAMAO;VIAMAO;RS
Ins01003;13661399000101;FUNDO MUNICIPAL DE SAUDE DE SAO JOSE DA COROA GRANDE;SAO JOSE DA COROA GRANDE;PE
Ins01004;41522327000100;MUNICIPIO DE LAGOA ALEGRE;LAGOA ALEGRE;PI
Ins01005;08881666000108;MUNICIPIO DE SALGADINHO;SALGADINHO;PB
Ins01006;76205640000108;MUNICIPIO DE DOIS VIZINHOS;DOIS VIZINHOS;PR
Ins01007;19217292000147;FUNDO MUNICIPAL DE SAUDE;CABIXI;RO
Ins01008;12756355000194;FUNDO MUNICIPAL DE SAUDE;PIMENTEIRAS DO OESTE;RO
Ins01009;23085655000105;FUNDO MUNICIPAL DE SAUDE DO MUNICIPIO DE NOVA BRASILNDIA D`OESTE - RO.;NOVA BRASILANDIA D`OESTE;RO
Ins01010;87990800000185;MUNICIPIO DE CACHOEIRINHA;CACHOEIRINHA;RS
Ins01011;11676238000158;FUNDO MUNICIPAL DE SAUDE;ITAUEIRA;PI
Ins01012;11264342000135;FUNDO MUNICIPAL DE SAUDE DE ITAPUA DO OESTE - RO;ITAPUA DO OESTE;RO
Ins01013;11401087000125;FUNDO MUNICIPAL DE SAUDE DE CHA PRETA;CHA PRETA;AL
Ins01014;13099820000124;CUITE DE MAMANGUAPE FUNDO MUNICIPAL DE SAUDE;CUITE DE MAMANGUAPE;PB
Ins01015;14004655000142;FUNDO MUNICIPAL DE SAUDE DE CHAPADAO DO SUL-MS;CHAPADAO DO SUL;MS
Ins01016;11957240000103;FUNDO MUNICIPAL DE SAUDE DE MONTE NEGRO;MONTE NEGRO;RO
Ins01017;12200283000102;MUNICIPIO DE MESSIAS;MESSIAS;AL
Ins01018;10557425000150;FUNDO MUNICIPAL DE SAUDE DE PITIMBU;PITIMBU;PB
Ins01019;12262739000150;MUNICIPIO DE JOAQUIM GOMES;JOAQUIM GOMES;AL
Ins01020;09239144000170;FUNDO MUNICIPAL DE SAUDE;ICARAIMA;PR
Ins01021;12022274000160;FUNDO MUNICIPAL DE SAUDE-FMS;SANTA RITA DO PARDO;MS
Ins01022;11367495000108;FUNDO MUNICIPAL DE SAUDE DO MUNICIPIO DE BREJO GRANDE;BREJO GRANDE;SE
Ins01023;97761407000173;MUNICIPIO DE TAQUARA;TAQUARA;RS
Ins01024;11216262000104;FUNDO MUNICIPAL DE SAUDE;VASSOURAS;RJ
Ins01025;76017458000115;MUNICIPIO DE PARANAGUA;PARANAGUA;PR
Ins01026;75666131000101;MUNICIPIO DE BARRACAO;BARRACAO;PR
Ins01027;11447587000106;FUNDO MUNICIPAL DE SAUDE DE MORAUJO;MORAUJO;CE
Ins01028;88379763000136;MUNICIPIO DE IGREJINHA;IGREJINHA;RS
Ins01029;11174552000132;FUNDO MUNICIPAL DE SAUDE DE ITAPORANGA;ITAPORANGA;PB
Ins01030;11429318000109;FUNDO MUNICIPAL DE SAUDE;CEDRO DE SAO JOAO;SE
Ins01031;89848949000150;MUNICIPIO DE FARROUPILHA;FARROUPILHA;RS
Ins01032;09588897000190;FUNDO MUNICIPAL DE SAUDE - MUNICIPIO DE NOVA TEBAS PARANA;NOVA TEBAS;PR
Ins01033;46362927000172;;BROTAS;SP
Ins01034;76282664000152;MUNICIPIO DE PAICANDU;PAICANDU;PR
Ins01035;42498717000155;;RIO DE JANEIRO;RJ
Ins01036;10234992000175;FUNDO MUNICIPAL DE SAUDE DE CACHOEIRINHA;CACHOEIRINHA;PE
Ins01037;10566414000136;FUNDO MUNICIPAL DE SAUDE;VICENCIA;PE
Ins01038;35561471000153;MUNICIPIO DE PARIPUEIRA;PARIPUEIRA;AL
Ins01039;08036438000131;FUNDO MUNICIPAL DE SAUDE DE SAPE;SAPE;PB
Ins01040;15389588000194;MUNICIPIO DE SAO GABRIEL DO OESTE;SAO GABRIEL DO OESTE;MS
Ins01041;05816630000152;FUNDO ESTADUAL DE SAUDE DO ESTADO DA BAHIA;SALVADOR;BA
Ins01042;11899610000195;FUNDO MUNICIPAL DE SAUDE DE URUARA;URUARA;PA
Ins01043;11278364000154;FUNDO MUNICIPAL DE SAUDE;MACAMBIRA;SE
Ins01044;11295659000139;FUNDO MUNICIPAL DE SAUDE DE SAO FELIPE D'OESTE;SAO FELIPE D'OESTE;RO
Ins01045;04311955000110;FUNDO MUNICIPAL DE SAUDE - MARICA;MARICA;RJ
Ins01046;11356210000133;FUNDO MUNICIPAL DE SAUDE;SIRINHAEM;PE
Ins01047;09154486000197;FUNDO MUNICIPAL DE SAUDE DE CANHOTINHO;CANHOTINHO;PE
Ins01048;76020452000105;;LAPA;PR
Ins01049;02493318000187;CONSORCIO INTERMUNICIPAL DO MEDIO ALTO URUGUAI;RODEIO BONITO;RS
Ins01050;46319000000150;MUNICIPIO DE GUARULHOS;GUARULHOS;SP
Ins01051;11120699000140;FUNDO MUNICIPAL DE SAUDE;MURICI;AL
Ins01052;45358249000101;MUNICIPIO DE SAO CARLOS;SAO CARLOS;SP
Ins01053;11594727000160;FUNDO MUNICIPAL DE SAUDE;MAR VERMELHO;AL
Ins01054;11655026000194;FUNDO MUNICIPAL DE SAUDE;EMAS;PB
Ins01055;46523031000128;MUNICIPIO DE ITAPEVI;ITAPEVI;SP
Ins01056;08891830000168;MUNICIPIO DE SERRA GRANDE;SERRA GRANDE;PB
Ins01057;46523015000135;;BARUERI;SP
Ins01058;10589928000107;FUNDO MUNICIPAL DE SAUDE DO BOM JARDIM;BOM JARDIM;PE
Ins01059;09071622000185;MUNICIPIO DE LAGOA DE DENTRO;LAGOA DE DENTRO;PB
Ins01060;09354277000197;FUNDO MUNICIPAL DE SAUDE - MUNICPO DE TURVO;TURVO;PR
Ins01061;11418976000103;FUNDO MUNICIPAL DE SAUDE DE LAGOA ALEGRE - PIAUI;LAGOA ALEGRE;PI
Ins01062;87455531000157;MUNICIPIO DE PELOTAS;PELOTAS;RS
Ins01063;07331783000135;FUNDO MUNICIPAL DE SAUDE;AGUA AZUL DO NORTE;PA
Ins01064;87612537000190;MUNICIPIO DE PASSO FUNDO;PASSO FUNDO;RS
Ins01065;10414835000141;FMS - FUNDO MUNICIPAL DE SAUDE DE LINHARES;LINHARES;ES
Ins01066;12075748000132;CONSORCIO INTERFEDERATIVO SANTA CATARINA - CINCATARINA;FLORIANOPOLIS;SC
Ins01067;02466144000163;SECRETARIA DA SAUDE DO ESTADO DA BAHIA SESAB;SALVADOR;BA
Ins01068;00955107000193;FUNDACAO MUNICIPAL DE SAUDE DE RIO CLARO;RIO CLARO;SP
Ins01069;46341038000129;MUNICIPIO DE PIRACICABA;PIRACICABA;SP
Ins01070;77816510000166;;FRANCISCO BELTRAO;PR
Ins01071;95684478000194;MUNICIPIO DE CANDOI;CANDOI;PR
Ins01072;11664446000137;FUNDO MUNICIPAL DE SAUDE;PACAJA;PA
Ins01073;01612553000168;MUNICIPIO DE SOBRADO;SOBRADO;PB
Ins01074;45358249000101;;SAO CARLOS;SP
Ins01075;12403050000107;FUNDO MUNICIPAL DE SAUDE - FMS;BOM SUCESSO;PB
Ins01076;12332987000120;MUNICIPIO DE COLONIA LEOPOLDINA;COLONIA LEOPOLDINA;AL
Ins01077;04632212000142;MUNICIPIO DE PRESIDENTE MEDICI;PRESIDENTE MEDICI;RO
Ins01078;75771204000125;MUNICIPIO DE JANDAIA DO SUL;JANDAIA DO SUL;PR
Ins01079;88830609000139;;CAXIAS DO SUL;RS
Ins01080;45132495000140;MUNICIPIO DE LIMEIRA;LIMEIRA;SP
Ins01081;06554141000132;MUNICIPIO DE NAZARE DO PIAUI;NAZARE DO PIAUI;PI
Ins01082;09201882000128;FUNDO MUNICIPAL DE SAUDE;SANTA HELENA;PR
Ins01083;12157728000100;FUNDO MUNICIPAL DE SAUDE DE VILA VELHA - F M S;VILA VELHA;ES
Ins01084;02231696000192;CONSORCIO INTERMUNICIPAL DO NOROESTE DO ESTADO DO RIO GRANDE DO SUL-CISA;IJUI;RS
Ins01085;11159820000147;FUNDO MUNICIPAL DE SAUDE DE BRANQUINHA;BRANQUINHA;AL
Ins01086;04228734000183;;CAMPO GRANDE;MS
Ins01087;91566869000153;MUNICIPIO DE VILA FLORES;VILA FLORES;RS
Ins01088;02125685000128;HOSPITAL REGIONAL DE MATO GROSSO DO SUL ROSA PEDROSSIAN;CAMPO GRANDE;MS
Ins01089;76178011000128;MUNICIPIO DE PINHAO;PINHAO;PR
Ins01090;07242772000189;CONSORCIO INTERMUNICIPAL DE SERVICOS DO VALE DO TAQUARI;LAJEADO;RS
Ins01091;12652705000172;FUNDO MUNICIPAL DE SAUDE DE FLORESTA DO ARAGUAIA;FLORESTA DO ARAGUAIA;PA
Ins01092;00333678000196;CONSORCIO INTERMUNICIPAL DE SAUDE DO SUDOESTE - CONSUD;FRANCISCO BELTRAO;PR
Ins01093;11441605000134;FUNDO MUNICIPAL DE SAUDE DE OURILANDIA DO NORTE;OURILANDIA DO NORTE;PA
Ins01094;18158261000108;;DOURADOQUARA;MG
Ins01095;76205707000104;MUNICIPIO DE SALTO DO LONTRA;SALTO DO LONTRA;PR
Ins01096;76247337000160;MUNICIPIO DE ICARAIMA;ICARAIMA;PR
Ins01097;11243983000103;FUNDO MUNICIPAL DE SAUDE DE PINDOBA;PINDOBA;AL
Ins01098;11328684000171;FUNDO MUNICIPAL DE SAUDE;SAO FRANCISCO DO GUAPORE;RO
Ins01099;11164805000197;FUNDO MUNICIPAL DE SAUDE;JURIPIRANGA;PB
Ins01100;08241754011007;RIO GRANDE DO NORTE SECRETARIA DA SAUDE PUBLICA;NATAL;RN
Ins01101;11371082000105;FUNDO MUNICIPAL DE SAUDE;CARUARU;PE
Ins01102;46522959000198;MUNICIPIO DE MAUA;MAUA;SP
Ins01103;12021434000157;FUNDO MUNICIPAL DE SAUDE DE JARAGUARI;JARAGUARI;MS
Ins01104;10254294000131;FMS SANTANA DO MUNDAU;SANTANA DO MUNDAU;AL
Ins01105;46362661000168;MUNICIPIO DE LEME;LEME;SP
Ins01106;11850969000178;FUNDO MUNICIPAL DE SAUDE DE NOSSA SENHORA DA GLORIA;NOSSA SENHORA DA GLORIA;SE
Ins01107;17546256000100;FUNDO MUNICIPAL DE SAUDE DE SANTA MARIA DAS BARREIRAS;SANTA MARIA DAS BARREIRAS;PA
Ins01108;51816247000111;;MONTE ALTO;SP
Ins01109;66831959000187;MUNICIPIO DE SALTINHO;SALTINHO;SP
Ins01110;01596018000160;MUNICIPIO DE TAMANDARE;TAMANDARE;PE
Ins01111;45786159000111;MUNICIPIO DE IRACEMAPOLIS;IRACEMAPOLIS;SP
Ins01112;19217292000147;;CABIXI;RO
Ins01113;04712762000171;CONSORCIO INTERMUNICIPAL DE DESENVOLVIMENTO SUSTENTAVEL DA REGIAO DOS CAMPOS DE CIMA DA SERRA - CONDESUS;VACARIA;RS
Ins01114;46374500026231;;SAO PAULO;SP
Ins01115;18428839000190;MUNICIPIO DE UBERABA;UBERABA;MG
Ins01116;44556207000112;MUNICIPIO DE URU;URU;SP
Ins01117;09350916000146;FUNDO MUNICIPAL DE SAUDE DE SANTA ISABEL DO IVAI;SANTA ISABEL DO IVAI;PR
Ins01118;11538959000100;FUNDO MUNICIPAL DE SAUDE SAO JOSE DA LAJE;SAO JOSE DA LAJE;AL
Ins01119;45279635000108;;ATIBAIA;SP
Ins01120;10599648000180;FUNDO MUNICIPAL DE SAUDE DE JOAO ALFREDO;JOAO ALFREDO;PE
Ins01121;11770182000104;;GUARAPARI;ES
Ins01122;09259137000130;FUNDO MUNICIPAL DE SAUDE DE LUPIONOPOLIS;LUPIONOPOLIS;PR
Ins01123;02973240000106;ESTADO DO MARANHAO - SECRETARIA DE ESTADO DA SAUDE;SAO LUIS;MA
Ins01124;11785981000146;;MANOEL EMIDIO;PI
Ins01125;87958625000149;;PORTO ALEGRE;RS
Ins01126;18428888000123;MUNICIPIO DE CONQUISTA;CONQUISTA;MG
Ins01127;88743604000179;MUNICIPIO DE CHARQUEADAS;CHARQUEADAS;RS
Ins01128;12157728000100;;VILA VELHA;ES
Ins01129;11701954000148;FUNDO MUNICIPAL DE SAUDE DE PEDRINHAS;PEDRINHAS;SE
Ins01130;11321779000163;FUNDO MUNICIPAL DE SAUDE - SALGADINHO - PB;SALGADINHO;PB
Ins01131;18602011000107;MUNICIPIO DE PATOS DE MINAS;PATOS DE MINAS;MG
Ins01132;10975044000190;FUNDO MUNICIPAL DE SAUDE - FMS;CAAPORA;PB
